﻿[{"id":"03e7fc0a-bf3d-4f64-9192-801ce465fce7","type":"answers","_rid":"ap9UAOLykFwBAAAAAAAAAA==","_self":"dbs/ap9UAA==/colls/ap9UAOLykFw=/docs/ap9UAOLykFwBAAAAAAAAAA==/","_etag":"\"cb00e150-0000-0000-0000-5b60f6f50000\"","_attachments":"attachments/","_ts":1533081333}
,{"id":"8342a671-319e-48c7-9fd0-0b42c18ab60d","type":"answer2","_rid":"ap9UAOLykFwCAAAAAAAAAA==","_self":"dbs/ap9UAA==/colls/ap9UAOLykFw=/docs/ap9UAOLykFwCAAAAAAAAAA==/","_etag":"\"cb007755-0000-0000-0000-5b60f7120000\"","_attachments":"attachments/","_ts":1533081362}
,{"id":"ee330d25-0022-4cd9-bb02-a33bf42eddb9","curatedExperienceId":"a0623124-b039-41e5-a6c8-b33c3b7e295a","answers":[{"clickedButtonId":"de518f89-9ea4-438e-a911-f0360d4dcb01","selectedItemsIds":[],"filledInTexts":[]},{"clickedButtonId":"413f7370-dd5b-4373-95c6-b40b7710035d","selectedItemsIds":[],"filledInTexts":[]},{"clickedButtonId":"aeacfb45-5127-4ba6-8088-77fbfb78d29f","selectedItemsIds":[],"filledInTexts":[]},{"clickedButtonId":"9c86ca81-bc30-44d0-ba30-1945cb41caec","selectedItemsIds":[],"filledInTexts":[]},{"clickedButtonId":"e7caf867-3435-42af-b6d4-57b9749d0a8a","selectedItemsIds":[],"filledInTexts":[]},{"clickedButtonId":"7624198b-45e8-480e-87cb-99d961f2de77","selectedItemsIds":[],"filledInTexts":[]}],"_rid":"ap9UAOLykFwDAAAAAAAAAA==","_self":"dbs/ap9UAA==/colls/ap9UAOLykFw=/docs/ap9UAOLykFwDAAAAAAAAAA==/","_etag":"\"44010c2b-0000-0000-0000-5b63ad360000\"","_attachments":"attachments/","_ts":1533259062}
,{"id":"11a11b28-f479-41bb-98b9-46e7a44bb5f7","curatedExperienceId":"a0623124-b039-41e5-a6c8-b33c3b7e295a","answers":[{"clickedButtonId":"de518f89-9ea4-438e-a911-f0360d4dcb01","selectedItemsIds":[],"filledInTexts":[]},{"clickedButtonId":"413f7370-dd5b-4373-95c6-b40b7710035d","selectedItemsIds":[],"filledInTexts":[]},{"clickedButtonId":"aeacfb45-5127-4ba6-8088-77fbfb78d29f","selectedItemsIds":[],"filledInTexts":[]}],"_rid":"ap9UAOLykFwEAAAAAAAAAA==","_self":"dbs/ap9UAA==/colls/ap9UAOLykFw=/docs/ap9UAOLykFwEAAAAAAAAAA==/","_etag":"\"4401dd34-0000-0000-0000-5b63ad750000\"","_attachments":"attachments/","_ts":1533259125}
,{"id":"7005e0c7-7fa4-4105-90f1-260365ff193c","curatedExperienceId":"a0623124-b039-41e5-a6c8-b33c3b7e295a","answers":[{"clickedButtonId":"de518f89-9ea4-438e-a911-f0360d4dcb01","selectedItemsIds":[],"filledInTexts":[]},{"clickedButtonId":"413f7370-dd5b-4373-95c6-b40b7710035d","selectedItemsIds":[],"filledInTexts":[]},{"clickedButtonId":"aeacfb45-5127-4ba6-8088-77fbfb78d29f","selectedItemsIds":[],"filledInTexts":[]},{"clickedButtonId":"9c86ca81-bc30-44d0-ba30-1945cb41caec","selectedItemsIds":[],"filledInTexts":[]},{"clickedButtonId":"e7caf867-3435-42af-b6d4-57b9749d0a8a","selectedItemsIds":[],"filledInTexts":[]},{"clickedButtonId":"7624198b-45e8-480e-87cb-99d961f2de77","selectedItemsIds":[],"filledInTexts":[]}],"_rid":"ap9UAOLykFwFAAAAAAAAAA==","_self":"dbs/ap9UAA==/colls/ap9UAOLykFw=/docs/ap9UAOLykFwFAAAAAAAAAA==/","_etag":"\"44014bcd-0000-0000-0000-5b63b1260000\"","_attachments":"attachments/","_ts":1533260070}
,{"id":"48e277c1-3abd-43cc-b940-a26b4f0ef6ce","curatedExperienceId":"a0623124-b039-41e5-a6c8-b33c3b7e295a","answers":[{"clickedButtonId":"de518f89-9ea4-438e-a911-f0360d4dcb01","selectedItemsIds":[],"filledInTexts":[]},{"clickedButtonId":"413f7370-dd5b-4373-95c6-b40b7710035d","selectedItemsIds":[],"filledInTexts":[]},{"clickedButtonId":"aeacfb45-5127-4ba6-8088-77fbfb78d29f","selectedItemsIds":[],"filledInTexts":[]},{"clickedButtonId":"9c86ca81-bc30-44d0-ba30-1945cb41caec","selectedItemsIds":[],"filledInTexts":[]},{"clickedButtonId":"e7caf867-3435-42af-b6d4-57b9749d0a8a","selectedItemsIds":[],"filledInTexts":[]},{"clickedButtonId":"7624198b-45e8-480e-87cb-99d961f2de77","selectedItemsIds":[],"filledInTexts":[]}],"_rid":"ap9UAOLykFwGAAAAAAAAAA==","_self":"dbs/ap9UAA==/colls/ap9UAOLykFw=/docs/ap9UAOLykFwGAAAAAAAAAA==/","_etag":"\"4401d1d1-0000-0000-0000-5b63b1420000\"","_attachments":"attachments/","_ts":1533260098}
,{"id":"5460a486-bde7-403f-b967-31c8c1cf9dba","curatedExperienceId":"50753999-de97-402b-9e67-ace4d996661a","answers":[{"clickedButtonId":"1a091bd6-e181-4822-a546-ad4a9da35b00","selectedItemsIds":[],"filledInTexts":[]},{"clickedButtonId":"49069298-8e5a-41ec-a24e-75b42dd8db32","selectedItemsIds":[],"filledInTexts":[]}],"_rid":"ap9UAOLykFwHAAAAAAAAAA==","_self":"dbs/ap9UAA==/colls/ap9UAOLykFw=/docs/ap9UAOLykFwHAAAAAAAAAA==/","_etag":"\"6c0183bd-0000-0000-0000-5b64977c0000\"","_attachments":"attachments/","_ts":1533319036}
,{"id":"5142e1ea-c42e-46a0-8beb-e4d770637cc5","curatedExperienceId":"50753999-de97-402b-9e67-ace4d996661a","answers":[{"clickedButtonId":"1a091bd6-e181-4822-a546-ad4a9da35b00","selectedItemsIds":[],"filledInTexts":[]},{"clickedButtonId":"49069298-8e5a-41ec-a24e-75b42dd8db32","selectedItemsIds":[],"filledInTexts":[]}],"_rid":"ap9UAOLykFwIAAAAAAAAAA==","_self":"dbs/ap9UAA==/colls/ap9UAOLykFw=/docs/ap9UAOLykFwIAAAAAAAAAA==/","_etag":"\"6c01a6c8-0000-0000-0000-5b6497b90000\"","_attachments":"attachments/","_ts":1533319097}
,{"id":"c59c5374-3c2d-4565-b3ea-389158281632","curatedExperienceId":"50753999-de97-402b-9e67-ace4d996661a","answers":[{"clickedButtonId":"1a091bd6-e181-4822-a546-ad4a9da35b00","selectedItemsIds":[],"filledInTexts":[]}],"_rid":"ap9UAOLykFwJAAAAAAAAAA==","_self":"dbs/ap9UAA==/colls/ap9UAOLykFw=/docs/ap9UAOLykFwJAAAAAAAAAA==/","_etag":"\"6c0108e0-0000-0000-0000-5b64983c0000\"","_attachments":"attachments/","_ts":1533319228}
,{"id":"82c58211-f5ab-499a-b125-d183d18b790f","curatedExperienceId":"50753999-de97-402b-9e67-ace4d996661a","answers":[{"clickedButtonId":"1a091bd6-e181-4822-a546-ad4a9da35b00","selectedItemsIds":[],"filledInTexts":[]}],"_rid":"ap9UAOLykFwKAAAAAAAAAA==","_self":"dbs/ap9UAA==/colls/ap9UAOLykFw=/docs/ap9UAOLykFwKAAAAAAAAAA==/","_etag":"\"6d01fc2a-0000-0000-0000-5b6499de0000\"","_attachments":"attachments/","_ts":1533319646}
,{"id":"3fcac763-27e7-43b3-8420-a9c6fd31260a","curatedExperienceId":"50753999-de97-402b-9e67-ace4d996661a","answers":[{"clickedButtonId":"1a091bd6-e181-4822-a546-ad4a9da35b00","selectedItemsIds":[],"filledInTexts":[]}],"_rid":"ap9UAOLykFwLAAAAAAAAAA==","_self":"dbs/ap9UAA==/colls/ap9UAOLykFw=/docs/ap9UAOLykFwLAAAAAAAAAA==/","_etag":"\"6d01eb31-0000-0000-0000-5b649a030000\"","_attachments":"attachments/","_ts":1533319683}
,{"id":"b7cc8711-34d4-4170-bef1-9315dcc86000","curatedExperienceId":"50753999-de97-402b-9e67-ace4d996661a","answers":[{"clickedButtonId":"1a091bd6-e181-4822-a546-ad4a9da35b00","selectedItemsIds":[],"filledInTexts":[]}],"_rid":"ap9UAOLykFwMAAAAAAAAAA==","_self":"dbs/ap9UAA==/colls/ap9UAOLykFw=/docs/ap9UAOLykFwMAAAAAAAAAA==/","_etag":"\"6d017f33-0000-0000-0000-5b649a0c0000\"","_attachments":"attachments/","_ts":1533319692}
,{"id":"0d268dc6-404e-4c62-9015-7b0be9d95f5e","curatedExperienceId":"a0623124-b039-41e5-a6c8-b33c3b7e295a","answers":[{"clickedButtonId":"de518f89-9ea4-438e-a911-f0360d4dcb01","selectedItemsIds":[],"filledInTexts":[]},{"clickedButtonId":"413f7370-dd5b-4373-95c6-b40b7710035d","selectedItemsIds":[],"filledInTexts":[]},{"clickedButtonId":"aeacfb45-5127-4ba6-8088-77fbfb78d29f","selectedItemsIds":[],"filledInTexts":[]},{"clickedButtonId":"9c86ca81-bc30-44d0-ba30-1945cb41caec","selectedItemsIds":[],"filledInTexts":[]},{"clickedButtonId":"e7caf867-3435-42af-b6d4-57b9749d0a8a","selectedItemsIds":[],"filledInTexts":[]},{"clickedButtonId":"7624198b-45e8-480e-87cb-99d961f2de77","selectedItemsIds":[],"filledInTexts":[]}],"_rid":"ap9UAOLykFwNAAAAAAAAAA==","_self":"dbs/ap9UAA==/colls/ap9UAOLykFw=/docs/ap9UAOLykFwNAAAAAAAAAA==/","_etag":"\"6d015238-0000-0000-0000-5b649a260000\"","_attachments":"attachments/","_ts":1533319718}
,{"id":"a722de7f-fe39-4291-b672-89fd9ab7f9c9","curatedExperienceId":"50753999-de97-402b-9e67-ace4d996661a","answers":[{"clickedButtonId":"1a091bd6-e181-4822-a546-ad4a9da35b00","selectedItemsIds":[],"filledInTexts":[]}],"_rid":"ap9UAOLykFwOAAAAAAAAAA==","_self":"dbs/ap9UAA==/colls/ap9UAOLykFw=/docs/ap9UAOLykFwOAAAAAAAAAA==/","_etag":"\"6d019439-0000-0000-0000-5b649a2e0000\"","_attachments":"attachments/","_ts":1533319726}
,{"id":"4d35dbba-219f-4b15-a985-1a3a0cba391f","curatedExperienceId":"a0623124-b039-41e5-a6c8-b33c3b7e295a","answers":[{"clickedButtonId":"de518f89-9ea4-438e-a911-f0360d4dcb01","selectedItemsIds":[],"filledInTexts":[]},{"clickedButtonId":"413f7370-dd5b-4373-95c6-b40b7710035d","selectedItemsIds":[],"filledInTexts":[]},{"clickedButtonId":"aeacfb45-5127-4ba6-8088-77fbfb78d29f","selectedItemsIds":[],"filledInTexts":[]},{"clickedButtonId":"9c86ca81-bc30-44d0-ba30-1945cb41caec","selectedItemsIds":[],"filledInTexts":[]},{"clickedButtonId":"e7caf867-3435-42af-b6d4-57b9749d0a8a","selectedItemsIds":[],"filledInTexts":[]},{"clickedButtonId":"7624198b-45e8-480e-87cb-99d961f2de77","selectedItemsIds":[],"filledInTexts":[]}],"_rid":"ap9UAOLykFwPAAAAAAAAAA==","_self":"dbs/ap9UAA==/colls/ap9UAOLykFw=/docs/ap9UAOLykFwPAAAAAAAAAA==/","_etag":"\"6d01f73b-0000-0000-0000-5b649a3a0000\"","_attachments":"attachments/","_ts":1533319738}
,{"id":"65693e13-97f7-4fd7-8fdc-3245ec7085c8","curatedExperienceId":"50753999-de97-402b-9e67-ace4d996661a","answers":[{"clickedButtonId":"1a091bd6-e181-4822-a546-ad4a9da35b00","selectedItemsIds":[],"filledInTexts":[]}],"_rid":"ap9UAOLykFwQAAAAAAAAAA==","_self":"dbs/ap9UAA==/colls/ap9UAOLykFw=/docs/ap9UAOLykFwQAAAAAAAAAA==/","_etag":"\"6d01ae48-0000-0000-0000-5b649a820000\"","_attachments":"attachments/","_ts":1533319810}
,{"id":"96a3408c-312a-47ee-8da2-341cd1c749d2","curatedExperienceId":"50753999-de97-402b-9e67-ace4d996661a","answers":[{"clickedButtonId":"1a091bd6-e181-4822-a546-ad4a9da35b00","selectedItemsIds":[],"filledInTexts":[]}],"_rid":"ap9UAOLykFwRAAAAAAAAAA==","_self":"dbs/ap9UAA==/colls/ap9UAOLykFw=/docs/ap9UAOLykFwRAAAAAAAAAA==/","_etag":"\"6d01b24b-0000-0000-0000-5b649a930000\"","_attachments":"attachments/","_ts":1533319827}
,{"id":"058f6e25-74f8-40bc-b4e2-7eda0797303c","curatedExperienceId":"50753999-de97-402b-9e67-ace4d996661a","answers":[{"clickedButtonId":"1a091bd6-e181-4822-a546-ad4a9da35b00","selectedItemsIds":[],"filledInTexts":[]}],"_rid":"ap9UAOLykFwSAAAAAAAAAA==","_self":"dbs/ap9UAA==/colls/ap9UAOLykFw=/docs/ap9UAOLykFwSAAAAAAAAAA==/","_etag":"\"6d017c54-0000-0000-0000-5b649ac10000\"","_attachments":"attachments/","_ts":1533319873}
,{"id":"6ce21f09-eb41-4040-81d0-8448b462d0a8","curatedExperienceId":"50753999-de97-402b-9e67-ace4d996661a","answers":[{"clickedButtonId":"1a091bd6-e181-4822-a546-ad4a9da35b00","selectedItemsIds":[],"filledInTexts":[]}],"_rid":"ap9UAOLykFwTAAAAAAAAAA==","_self":"dbs/ap9UAA==/colls/ap9UAOLykFw=/docs/ap9UAOLykFwTAAAAAAAAAA==/","_etag":"\"6d01f161-0000-0000-0000-5b649b0e0000\"","_attachments":"attachments/","_ts":1533319950}
,{"id":"864ad54d-1071-4537-9f85-b7609aa88803","curatedExperienceId":"a0623124-b039-41e5-a6c8-b33c3b7e295a","answers":[{"clickedButtonId":"de518f89-9ea4-438e-a911-f0360d4dcb01","selectedItemsIds":[],"filledInTexts":[]},{"clickedButtonId":"413f7370-dd5b-4373-95c6-b40b7710035d","selectedItemsIds":[],"filledInTexts":[]},{"clickedButtonId":"aeacfb45-5127-4ba6-8088-77fbfb78d29f","selectedItemsIds":[],"filledInTexts":[]},{"clickedButtonId":"9c86ca81-bc30-44d0-ba30-1945cb41caec","selectedItemsIds":[],"filledInTexts":[]},{"clickedButtonId":"e7caf867-3435-42af-b6d4-57b9749d0a8a","selectedItemsIds":[],"filledInTexts":[]},{"clickedButtonId":"7624198b-45e8-480e-87cb-99d961f2de77","selectedItemsIds":[],"filledInTexts":[]}],"_rid":"ap9UAOLykFwUAAAAAAAAAA==","_self":"dbs/ap9UAA==/colls/ap9UAOLykFw=/docs/ap9UAOLykFwUAAAAAAAAAA==/","_etag":"\"6d01cd6e-0000-0000-0000-5b649b550000\"","_attachments":"attachments/","_ts":1533320021}
,{"id":"3478ee18-6dfa-45f9-86cd-8063af32ec86","curatedExperienceId":"a0623124-b039-41e5-a6c8-b33c3b7e295a","answers":[{"clickedButtonId":"de518f89-9ea4-438e-a911-f0360d4dcb01","selectedItemsIds":[],"filledInTexts":[]},{"clickedButtonId":"413f7370-dd5b-4373-95c6-b40b7710035d","selectedItemsIds":[],"filledInTexts":[]},{"clickedButtonId":"aeacfb45-5127-4ba6-8088-77fbfb78d29f","selectedItemsIds":[],"filledInTexts":[]},{"clickedButtonId":"9c86ca81-bc30-44d0-ba30-1945cb41caec","selectedItemsIds":[],"filledInTexts":[]},{"clickedButtonId":"e7caf867-3435-42af-b6d4-57b9749d0a8a","selectedItemsIds":[],"filledInTexts":[]},{"clickedButtonId":"7624198b-45e8-480e-87cb-99d961f2de77","selectedItemsIds":[],"filledInTexts":[]}],"_rid":"ap9UAOLykFwVAAAAAAAAAA==","_self":"dbs/ap9UAA==/colls/ap9UAOLykFw=/docs/ap9UAOLykFwVAAAAAAAAAA==/","_etag":"\"6e01f8bd-0000-0000-0000-5b64a2bc0000\"","_attachments":"attachments/","_ts":1533321916}
,{"id":"dfe26fee-a48f-45e8-ad38-d0498c6aff3c","curatedExperienceId":"50753999-de97-402b-9e67-ace4d996661a","answers":[{"clickedButtonId":"1a091bd6-e181-4822-a546-ad4a9da35b00","selectedItemsIds":[],"filledInTexts":[]},{"clickedButtonId":"5846cabb-1826-47bc-b2cd-6168f78fc4f2","selectedItemsIds":[],"filledInTexts":[{"fieldId":"22cbf2ac-a8d3-48c5-b230-297111e0e85c","value":"Test First Name 5"},{"fieldId":"d2a935b4-bb07-494f-9c59-f3115b19d002","value":"Test Last Name 5"}]},{"clickedButtonId":"5846cabb-1826-47bc-b2cd-6168f78fc4f2","selectedItemsIds":[],"filledInTexts":[{"fieldId":"22cbf2ac-a8d3-48c5-b230-297111e0e85c","value":"Test First Name 5"},{"fieldId":"d2a935b4-bb07-494f-9c59-f3115b19d002","value":"Test Last Name 5"}]},{"clickedButtonId":"5846cabb-1826-47bc-b2cd-6168f78fc4f2","selectedItemsIds":[],"filledInTexts":[{"fieldId":"22cbf2ac-a8d3-48c5-b230-297111e0e85c","value":"Test First Name 5"},{"fieldId":"d2a935b4-bb07-494f-9c59-f3115b19d002","value":"Test Last Name 5"}]}],"_rid":"ap9UAOLykFwWAAAAAAAAAA==","_self":"dbs/ap9UAA==/colls/ap9UAOLykFw=/docs/ap9UAOLykFwWAAAAAAAAAA==/","_etag":"\"bd019286-0000-0000-0000-5b66972d0000\"","_attachments":"attachments/","_ts":1533450029}
,{"id":"8050c1c6-3b09-409e-b6ff-752b4e0acd81","curatedExperienceId":"a0623124-b039-41e5-a6c8-b33c3b7e295a","answers":[{"clickedButtonId":"de518f89-9ea4-438e-a911-f0360d4dcb01","selectedItemsIds":[],"filledInTexts":[]},{"clickedButtonId":"413f7370-dd5b-4373-95c6-b40b7710035d","selectedItemsIds":[],"filledInTexts":[]},{"clickedButtonId":"aeacfb45-5127-4ba6-8088-77fbfb78d29f","selectedItemsIds":[],"filledInTexts":[]},{"clickedButtonId":"9c86ca81-bc30-44d0-ba30-1945cb41caec","selectedItemsIds":[],"filledInTexts":[]},{"clickedButtonId":"e7caf867-3435-42af-b6d4-57b9749d0a8a","selectedItemsIds":[],"filledInTexts":[]},{"clickedButtonId":"7624198b-45e8-480e-87cb-99d961f2de77","selectedItemsIds":[],"filledInTexts":[]}],"_rid":"ap9UAOLykFwXAAAAAAAAAA==","_self":"dbs/ap9UAA==/colls/ap9UAOLykFw=/docs/ap9UAOLykFwXAAAAAAAAAA==/","_etag":"\"bb013062-0000-0000-0000-5b6688be0000\"","_attachments":"attachments/","_ts":1533446334}
,{"id":"ae98250c-30e9-4e91-8ebd-f3ec1d55296e","curatedExperienceId":"50753999-de97-402b-9e67-ace4d996661a","answers":[{"clickedButtonId":"1a091bd6-e181-4822-a546-ad4a9da35b00","selectedItemsIds":[],"filledInTexts":[]}],"_rid":"ap9UAOLykFwYAAAAAAAAAA==","_self":"dbs/ap9UAA==/colls/ap9UAOLykFw=/docs/ap9UAOLykFwYAAAAAAAAAA==/","_etag":"\"bb017281-0000-0000-0000-5b6689940000\"","_attachments":"attachments/","_ts":1533446548}
,{"id":"6a28246e-26b9-4dcc-b4e2-543cbb793349","curatedExperienceId":"50753999-de97-402b-9e67-ace4d996661a","answers":[{"clickedButtonId":"1a091bd6-e181-4822-a546-ad4a9da35b00","selectedItemsIds":[],"filledInTexts":[]}],"_rid":"ap9UAOLykFwZAAAAAAAAAA==","_self":"dbs/ap9UAA==/colls/ap9UAOLykFw=/docs/ap9UAOLykFwZAAAAAAAAAA==/","_etag":"\"bb013c83-0000-0000-0000-5b6689a10000\"","_attachments":"attachments/","_ts":1533446561}
,{"id":"fde7bb7c-90b1-407c-a6d4-3d96e8f7fc8e","curatedExperienceId":"50753999-de97-402b-9e67-ace4d996661a","answers":[{"clickedButtonId":"1a091bd6-e181-4822-a546-ad4a9da35b00","selectedItemsIds":[],"filledInTexts":[]}],"_rid":"ap9UAOLykFwaAAAAAAAAAA==","_self":"dbs/ap9UAA==/colls/ap9UAOLykFw=/docs/ap9UAOLykFwaAAAAAAAAAA==/","_etag":"\"bc011a32-0000-0000-0000-5b668e4b0000\"","_attachments":"attachments/","_ts":1533447755}
,{"id":"2edba5a5-8d76-4ee6-9108-90c3ac6b54e0","curatedExperienceId":"09613ff2-103d-4b5c-a475-7577470f8aec","answers":[{"clickedButtonId":"5846cabb-1826-47bc-b2cd-6168f78fc4f2","selectedItemsIds":[],"filledInTexts":[]}],"_rid":"ap9UAOLykFwbAAAAAAAAAA==","_self":"dbs/ap9UAA==/colls/ap9UAOLykFw=/docs/ap9UAOLykFwbAAAAAAAAAA==/","_etag":"\"bd01d647-0000-0000-0000-5b6695850000\"","_attachments":"attachments/","_ts":1533449605}
,{"id":"36321f4f-5e95-45bd-9019-9602ddf31ce0","curatedExperienceId":"09613ff2-103d-4b5c-a475-7577470f8aec","answers":[{"clickedButtonId":"5846cabb-1826-47bc-b2cd-6168f78fc4f2","selectedItemsIds":[],"filledInTexts":[]},{"clickedButtonId":"98613482-53ad-458f-988c-5b473358c7bf","selectedItemsIds":[],"filledInTexts":[]}],"_rid":"ap9UAOLykFwcAAAAAAAAAA==","_self":"dbs/ap9UAA==/colls/ap9UAOLykFw=/docs/ap9UAOLykFwcAAAAAAAAAA==/","_etag":"\"bd014256-0000-0000-0000-5b6695e70000\"","_attachments":"attachments/","_ts":1533449703}
,{"id":"2f04af23-d16e-4543-9e14-02b4a6cf7672","curatedExperienceId":"09613ff2-103d-4b5c-a475-7577470f8aec","answers":[{"clickedButtonId":"5846cabb-1826-47bc-b2cd-6168f78fc4f2","selectedItemsIds":[],"filledInTexts":[]},{"clickedButtonId":"98613482-53ad-458f-988c-5b473358c7bf","selectedItemsIds":[],"filledInTexts":[]}],"_rid":"ap9UAOLykFwdAAAAAAAAAA==","_self":"dbs/ap9UAA==/colls/ap9UAOLykFw=/docs/ap9UAOLykFwdAAAAAAAAAA==/","_etag":"\"bd01c48f-0000-0000-0000-5b66976b0000\"","_attachments":"attachments/","_ts":1533450091}
,{"id":"34eadbd4-28d2-4e78-a42e-66b040272dc1","curatedExperienceId":"09613ff2-103d-4b5c-a475-7577470f8aec","answers":[{"clickedButtonId":"5846cabb-1826-47bc-b2cd-6168f78fc4f2","selectedItemsIds":[],"filledInTexts":[]}],"_rid":"ap9UAOLykFweAAAAAAAAAA==","_self":"dbs/ap9UAA==/colls/ap9UAOLykFw=/docs/ap9UAOLykFweAAAAAAAAAA==/","_etag":"\"bd01dc99-0000-0000-0000-5b6697af0000\"","_attachments":"attachments/","_ts":1533450159}
,{"id":"b6d96824-c0fc-4ee0-b5aa-7bdd976978e4","curatedExperienceId":"50753999-de97-402b-9e67-ace4d996661a","answers":[{"clickedButtonId":"1a091bd6-e181-4822-a546-ad4a9da35b00","selectedItemsIds":[],"filledInTexts":[]}],"_rid":"ap9UAOLykFwfAAAAAAAAAA==","_self":"dbs/ap9UAA==/colls/ap9UAOLykFw=/docs/ap9UAOLykFwfAAAAAAAAAA==/","_etag":"\"bd01469b-0000-0000-0000-5b6697b80000\"","_attachments":"attachments/","_ts":1533450168}
,{"id":"7a67f68b-a424-4cfc-a842-04aafb7e54da","curatedExperienceId":"50753999-de97-402b-9e67-ace4d996661a","answers":[{"clickedButtonId":"1a091bd6-e181-4822-a546-ad4a9da35b00","selectedItemsIds":[],"filledInTexts":[]}],"_rid":"ap9UAOLykFwgAAAAAAAAAA==","_self":"dbs/ap9UAA==/colls/ap9UAOLykFw=/docs/ap9UAOLykFwgAAAAAAAAAA==/","_etag":"\"bd01bca2-0000-0000-0000-5b6697ea0000\"","_attachments":"attachments/","_ts":1533450218}
,{"id":"77c2bef7-a7cf-48ce-9892-12f39b03006f","curatedExperienceId":"50753999-de97-402b-9e67-ace4d996661a","answers":[{"clickedButtonId":"1a091bd6-e181-4822-a546-ad4a9da35b00","selectedItemsIds":[],"filledInTexts":[]}],"_rid":"ap9UAOLykFwhAAAAAAAAAA==","_self":"dbs/ap9UAA==/colls/ap9UAOLykFw=/docs/ap9UAOLykFwhAAAAAAAAAA==/","_etag":"\"bd01a5a7-0000-0000-0000-5b66980a0000\"","_attachments":"attachments/","_ts":1533450250}
,{"id":"6e5310cd-be13-4af4-91f0-971f980ac788","curatedExperienceId":"50753999-de97-402b-9e67-ace4d996661a","answers":[{"clickedButtonId":"1a091bd6-e181-4822-a546-ad4a9da35b00","selectedItemsIds":[],"filledInTexts":[]}],"_rid":"ap9UAOLykFwiAAAAAAAAAA==","_self":"dbs/ap9UAA==/colls/ap9UAOLykFw=/docs/ap9UAOLykFwiAAAAAAAAAA==/","_etag":"\"bd0132a9-0000-0000-0000-5b6698160000\"","_attachments":"attachments/","_ts":1533450262}
,{"id":"f1f43346-2746-4a3c-ad34-8e7eac9a3737","curatedExperienceId":"a0623124-b039-41e5-a6c8-b33c3b7e295a","answers":[{"clickedButtonId":"de518f89-9ea4-438e-a911-f0360d4dcb01","selectedItemsIds":[],"filledInTexts":[]},{"clickedButtonId":"413f7370-dd5b-4373-95c6-b40b7710035d","selectedItemsIds":[],"filledInTexts":[]},{"clickedButtonId":"aeacfb45-5127-4ba6-8088-77fbfb78d29f","selectedItemsIds":[],"filledInTexts":[]},{"clickedButtonId":"9c86ca81-bc30-44d0-ba30-1945cb41caec","selectedItemsIds":[],"filledInTexts":[]},{"clickedButtonId":"e7caf867-3435-42af-b6d4-57b9749d0a8a","selectedItemsIds":[],"filledInTexts":[]},{"clickedButtonId":"7624198b-45e8-480e-87cb-99d961f2de77","selectedItemsIds":[],"filledInTexts":[]}],"_rid":"ap9UAOLykFwjAAAAAAAAAA==","_self":"dbs/ap9UAA==/colls/ap9UAOLykFw=/docs/ap9UAOLykFwjAAAAAAAAAA==/","_etag":"\"bd01dde8-0000-0000-0000-5b6699b00000\"","_attachments":"attachments/","_ts":1533450672}
,{"id":"7a3718f7-9467-4288-aa56-0fd1f089654a","curatedExperienceId":"a0623124-b039-41e5-a6c8-b33c3b7e295a","answers":[{"clickedButtonId":"de518f89-9ea4-438e-a911-f0360d4dcb01","selectedItemsIds":[],"filledInTexts":[]},{"clickedButtonId":"413f7370-dd5b-4373-95c6-b40b7710035d","selectedItemsIds":[],"filledInTexts":[]},{"clickedButtonId":"aeacfb45-5127-4ba6-8088-77fbfb78d29f","selectedItemsIds":[],"filledInTexts":[]},{"clickedButtonId":"9c86ca81-bc30-44d0-ba30-1945cb41caec","selectedItemsIds":[],"filledInTexts":[]},{"clickedButtonId":"e7caf867-3435-42af-b6d4-57b9749d0a8a","selectedItemsIds":[],"filledInTexts":[]},{"clickedButtonId":"7624198b-45e8-480e-87cb-99d961f2de77","selectedItemsIds":[],"filledInTexts":[]}],"_rid":"ap9UAOLykFwkAAAAAAAAAA==","_self":"dbs/ap9UAA==/colls/ap9UAOLykFw=/docs/ap9UAOLykFwkAAAAAAAAAA==/","_etag":"\"be01558a-0000-0000-0000-5b669dd80000\"","_attachments":"attachments/","_ts":1533451736}
,{"id":"e8059974-feb2-4535-8dd2-64c52a13fbbb","curatedExperienceId":"a0623124-b039-41e5-a6c8-b33c3b7e295a","answers":[{"clickedButtonId":"de518f89-9ea4-438e-a911-f0360d4dcb01","selectedItemsIds":[],"filledInTexts":[]},{"clickedButtonId":"413f7370-dd5b-4373-95c6-b40b7710035d","selectedItemsIds":[],"filledInTexts":[]},{"clickedButtonId":"aeacfb45-5127-4ba6-8088-77fbfb78d29f","selectedItemsIds":[],"filledInTexts":[]},{"clickedButtonId":"9c86ca81-bc30-44d0-ba30-1945cb41caec","selectedItemsIds":[],"filledInTexts":[]},{"clickedButtonId":"e7caf867-3435-42af-b6d4-57b9749d0a8a","selectedItemsIds":[],"filledInTexts":[]},{"clickedButtonId":"7624198b-45e8-480e-87cb-99d961f2de77","selectedItemsIds":[],"filledInTexts":[]}],"_rid":"ap9UAOLykFwlAAAAAAAAAA==","_self":"dbs/ap9UAA==/colls/ap9UAOLykFw=/docs/ap9UAOLykFwlAAAAAAAAAA==/","_etag":"\"bf01b09e-0000-0000-0000-5b66a4d90000\"","_attachments":"attachments/","_ts":1533453529}
,{"id":"a9d5fa5f-6786-46ee-bfdd-5fdc40283407","curatedExperienceId":"a0623124-b039-41e5-a6c8-b33c3b7e295a","answers":[{"clickedButtonId":"de518f89-9ea4-438e-a911-f0360d4dcb01","selectedItemsIds":[],"filledInTexts":[]}],"_rid":"ap9UAOLykFwmAAAAAAAAAA==","_self":"dbs/ap9UAA==/colls/ap9UAOLykFw=/docs/ap9UAOLykFwmAAAAAAAAAA==/","_etag":"\"bf01e2ce-0000-0000-0000-5b66a6110000\"","_attachments":"attachments/","_ts":1533453841}
]