﻿[{"id":"a0623124-b039-41e5-a6c8-b33c3b7e295a","title":"1a Divorce Curated Experience_July 31 2018 DEMO","components":[{"componentId":"9b37cf16-15d6-49eb-8c4e-9f252ef7513d","name":"1-Introduction","text":"<P>Welcome to the Divorce Flow A2J Guided Interview. This interview will walk you through a series of questions that should take you between ___ and ___ minutes to complete. In the end, you'll be provided with a Personalized Plan that will include the resources you need to learn more about the next steps in the divorce process and the paperwork you will need to start the process. </P><P>To learn more about this project, go <A target=\"_blank\" data-cke-saved-href=\"https://www.lsc.gov/media-center/press-releases/2017/legal-services-corporation-announces-pilot-states-innovative\" href=\"https://www.lsc.gov/media-center/press-releases/2017/legal-services-corporation-announces-pilot-states-innovative\">here</A>. </P>","learn":"","help":"","tags":[],"buttons":[{"id":"de518f89-9ea4-438e-a911-f0360d4dcb01","label":"Continue","destination":"2-Introduction 2"}],"fields":[]},{"componentId":"db21e0f0-4bc5-4f2c-9b54-013965c8e747","name":"2-Introduction 2","text":"<P>As you complete this interview you may see words that are underlined like <A target=\"_blank\" data-cke-saved-href=\"POPUP://Example of a pop up\" href=\"POPUP://Example of a pop up\">this</A>. You can click those words to get a definition or explanation of that word. You will also see bubbles that appear next to your avatar with the phrase \"Learn More\". If you want to learn more about that topic, you can click the \"Learn More\" button and additional information will appear. </P><DIV><BR/></DIV><DIV>Throughout the interview, you can click the \"Back\" button at the top of the screen to go back and change your answers. You can also leave and come back later to finish the interview by clicking the \"Exit\" button in the top right corner of your screen.  </DIV><DIV><BR/></DIV><DIV>Let's get started. </DIV>","learn":"What is a Learn More?","help":"<P>A Learn More is a way for us to give you additional information about a topic or to explain a question more. A Learn More can be a video, a picture, or just plain text. It can also contain <A target=\"_blank\" data-cke-saved-href=\"https://www.lsc.gov/vision-integrated-service-delivery-system\" href=\"https://www.lsc.gov/vision-integrated-service-delivery-system\">links</A> to additional information on other websites. </P>","tags":[],"buttons":[{"id":"413f7370-dd5b-4373-95c6-b40b7710035d","label":"Continue","destination":"3-Name"}],"fields":[]},{"componentId":"e9ded4f3-6d07-4a04-8d2b-b30270df9db5","name":"Example of a pop up","text":"<P>This is an example of a pop up. In legal documents there can be \"terms of art\" that the court uses or legal terms from the statute that can be difficult to understand. Whenever it is necessary to use those terms, we will try to provide definitions or explanations within these pop ups. </P>","learn":"","help":"","tags":[],"buttons":[],"fields":[]},{"componentId":"28ce86de-1ae8-43ea-ab7b-d6a2de1de0d6","name":"3-Name","text":"<P>Enter your name and chose an avatar that best represents you. </P>","learn":"Why do I need to chose an avatar?","help":"<P>We use the avatar to represent you as you move through this interview. You can chose whichever avatar you are most comfortable with representing you. </P>","tags":[],"buttons":[{"id":"aeacfb45-5127-4ba6-8088-77fbfb78d29f","label":"Continue","destination":"4- Alaska or Hawaii"}],"fields":[{"id":"7cd1a6b2-c416-42ec-a06e-1042ae64764a","type":"Text","label":"<P>First:</P>","isRequired":true,"min":"","max":"","invalidPrompt":"<P>You must type a response in the highlighted space before you can continue.</P>"},{"id":"80478492-d021-4190-98e7-1cee64f4f164","type":"Text","label":"<P>Middle:</P>","isRequired":false,"min":"","max":"","invalidPrompt":"<P>You must type a response in the highlighted space before you can continue.</P>"},{"id":"01e1db80-d1ea-4d82-a6af-9e666f6ba73e","type":"Text","label":"<P>Last:</P>","isRequired":true,"min":"","max":"","invalidPrompt":"<P>You must type a response in the highlighted space before you can continue.</P>"},{"id":"3d6296ac-35de-421b-83a6-0ea66d41d927","type":"RadioButton","label":"<P>Avatar selection</P>","isRequired":false,"min":"","max":"","invalidPrompt":""}]},{"componentId":"a1490e6e-934c-47f4-a036-e8c764e71bc1","name":"2-Choose issue","text":"<P>%%[Client first name TE]%% which of the following best describes your situation? You can always come back later and make a different selection. </P>","learn":"","help":"<P><BR/></P>","tags":[],"buttons":[{"id":"7624198b-45e8-480e-87cb-99d961f2de77","label":"Continue","destination":""}],"fields":[{"id":"bc7ee57c-9487-419f-bdaf-3cdf386a64f2","type":"RadioButton","label":"<P>The judge made a final decision, but I am not happy with it.</P>","isRequired":true,"min":"","max":"","invalidPrompt":"<P><BR/></P>"},{"id":"3ff158dd-4cba-4eb3-9e79-8dcf6f574946","type":"RadioButton","label":"<P>The final decision happened but I want to change something.</P>","isRequired":true,"min":"","max":"","invalidPrompt":"<P><BR/></P>"},{"id":"224beb89-d12b-40a8-bab4-9b64026b5dbd","type":"RadioButton","label":"<P>The final decision happened, but I want the other side to follow the order.</P>","isRequired":true,"min":"","max":"","invalidPrompt":"<P><BR/></P>"}]},{"componentId":"d65fcef3-3aa5-4619-ad4c-d1401c686630","name":"3-Not happy with final decision","text":"<P>You said that the judge made a final decision, but you're not happy with it. </P><DIV><BR/></DIV><DIV>You have some options depending on how long ago the final decision was made and the issues you are unhappy about. </DIV><DIV><BR/></DIV><DIV>In family law cases there may be options to deal with mistakes or changes by filing documents in the Superior Court and not filing an appear in the Supreme Court. You can learn more about that here: <A target=\"_blank\" data-cke-saved-href=\"http://courts.alaska.gov/shc/family/after-judgment.htm#reconsider.\" href=\"http://courts.alaska.gov/shc/family/after-judgment.htm#reconsider.\">http://courts.alaska.gov/shc/family/after-judgment.htm#reconsider.</A></DIV>","learn":"","help":"","tags":[],"buttons":[{"id":"475668f5-a608-47ed-b575-74c1cd60b367","label":"Continue","destination":""}],"fields":[]},{"componentId":"b0f499fd-e5b2-4b78-8a3e-81155dc344a9","name":"1-Divorce already granted?","text":"<P>Is your issue about a divorce that has already been granted?</P>","learn":"How do I know if a divorce has already been granted?","help":"<P>If you don't know if a final divorce decree has been granted, you can search the records of the clerk of the county court in the county that the divorce was filed in. Generally that is the county where one or both of the parties lives. </P>","tags":[],"buttons":[{"id":"e7caf867-3435-42af-b6d4-57b9749d0a8a","label":"Yes","destination":"2-Choose issue"},{"id":"ee0317b6-533a-42c2-8d17-ec86799f70b3","label":"No","destination":"1-End marriage"}],"fields":[]},{"componentId":"9207b18f-c90e-4eae-8393-67354940abbc","name":"4-Not happy with final decision 2","text":"<P>You have two potential options if you are not happy with the final decision that the judge made. You can file a motion for reconsideration or file a motion to modify. Click the one you would like to learn more about. </P>","learn":"","help":"","tags":[],"buttons":[{"id":"455e1e70-f547-4f39-a06c-7a21a4887988","label":"File a motion for reconsideration","destination":"5-Motion for reconsideration"},{"id":"f252d557-9447-4f74-8d0a-5c610118f0bc","label":"File a motion to modify","destination":"6-Motion to modify"}],"fields":[]},{"componentId":"17e74154-fed6-4f63-be57-8ffeaddee27c","name":"5-Motion for reconsideration","text":"<P>You said you are interested in learning more about a motion for reconsideration. You may be able to file a motion for reconsideration if it is within 10 days from the date shown in the certificate below the judge's signature and for a specific reason allowed under the court rules. Learn more about the reasons and find the forms here: <A target=\"_blank\" data-cke-saved-href=\"http://courts.alaska.gov/shc/family/after-judgment.htm#reconsider.\" href=\"http://courts.alaska.gov/shc/family/after-judgment.htm#reconsider.\">http://courts.alaska.gov/shc/family/after-judgment.htm#reconsider</A>.</P>","learn":"","help":"","tags":[],"buttons":[{"id":"74518888-388f-4ad6-aea3-3cfd51ec7007","label":"Continue","destination":"1-Assets or Debts?"}],"fields":[]},{"componentId":"79fc09ae-e274-4238-9bc7-1a58d7d21105","name":"6-Motion to modify","text":"<P>You said you are interested in the motion to modify. At the end of this interview, this information will be added to your Personalized Plan. </P>","learn":"","help":"","tags":[],"buttons":[{"id":"30080847-ab2a-4ba7-89ae-fad9aab4a86d","label":"Continue","destination":"1-Assets or Debts?"},{"id":"59bbe29b-3f33-4947-9a9c-a86a1edf0831","label":"Go Back","destination":"BACK"}],"fields":[]},{"componentId":"5fb64353-deae-4e19-9460-30fe77030f70","name":"7-Want to change something","text":"<P>You said the final decision already happened, but you wan to change something. What do you want to change? </P>","learn":"","help":"<P><BR/></P>","tags":[],"buttons":[{"id":"91735935-31bb-4edd-920a-41e5a077ff24","label":"The property or debt division","destination":"8-Property or Debt division change"},{"id":"0db7e014-addf-4f35-95c2-a4e1e6c8ec07","label":"The parenting plan or child support order","destination":"9-Change parenting plan or child support"}],"fields":[]},{"componentId":"375986bc-3acb-4b6c-af59-a0881d6e14a7","name":"4- Alaska or Hawaii","text":"<P>%%[Client first name TE]%% do you live in Alaska or Hawaii?</P>","learn":"","help":"","tags":[],"buttons":[{"id":"9c86ca81-bc30-44d0-ba30-1945cb41caec","label":"Alaska","destination":"1-Divorce already granted?"},{"id":"ea8e90b3-71a5-4e68-90f6-c9bc19abc3f8","label":"Hawaii","destination":"1-Divorce already granted?"}],"fields":[]},{"componentId":"e98ab4ec-4cb2-4a61-9ec6-e3251f4f32e7","name":"8-Property or Debt division change","text":"<P>It is difficult to change a property and debt division after a final judgment because the things may have been sold, assets transferred, or otherwise disposed of. Learn more and find the form to request to modify a property allocation at: <A target=\"_blank\" data-cke-saved-href=\"http://courts.alaska.gov/shc/family/property.htm#change.\" href=\"http://courts.alaska.gov/shc/family/property.htm#change.\">http://courts.alaska.gov/shc/family/property.htm#change.</A></P>","learn":"","help":"","tags":[],"buttons":[{"id":"f4f347d8-3773-42af-98b3-8051fb3d4812","label":"Continue","destination":"1-Assets or Debts?"}],"fields":[]},{"componentId":"5a2012ef-cded-4caa-8c62-65acd9f1bd55","name":"9-Change parenting plan or child support","text":"<P>You said that you want to learn more about modifying a parenting plan or a child support order. When you have completed the interview, this information will be added to your Personalized Plan. </P>","learn":"","help":"","tags":[],"buttons":[{"id":"c5959fbf-f5bb-4a77-8da6-291e19ff78a5","label":"Continue","destination":"1-Assets or Debts?"}],"fields":[]},{"componentId":"ecb7005d-1c23-4a85-b351-f8a31fd42cee","name":"10-Other side follow order","text":"<P>You said that the final decision happened, but you want the other side to follow the order. </P><DIV><BR/></DIV><DIV>%%[Want other side to follow order extra text TE]%%</DIV>","learn":"","help":"","tags":[],"buttons":[{"id":"7ac11ae6-b025-4aca-b004-6eeb8c16c78a","label":"Continue","destination":"1-Assets or Debts?"}],"fields":[]},{"componentId":"347290e7-2775-4b8f-850c-f580e5339567","name":"1-End marriage","text":"<P>Do you want to end your marriage?</P>","learn":"","help":"","tags":[],"buttons":[{"id":"b9852a34-630b-45af-a735-b328766518e9","label":"Yes","destination":"2-End marriage yes"},{"id":"f66a245c-2103-41bd-a970-27196988b9d9","label":"No","destination":"2a-End marriage no"}],"fields":[]},{"componentId":"54f09f88-6082-4c90-baf9-e4a341c3f1af","name":"2-End marriage yes","text":"<P>Are you legally married to the person you want to divorce?</P>","learn":"","help":"","tags":[],"buttons":[{"id":"83c45d26-64c0-4b1f-bf5d-1c481c3e9cba","label":"Yes","destination":"3-Resident of Hawaii"},{"id":"745f0503-d5d4-4502-a0cd-2277d91257d6","label":"No","destination":"4-Legally married no Alaska"}],"fields":[]},{"componentId":"766df656-94d7-4c0e-8d52-51dc6ad55d4e","name":"4-Legally married no Alaska","text":"<P>There is no common law marriage in Alaska. In order to file for divorce, you must be legally married first. </P>","learn":"","help":"","tags":[],"buttons":[{"id":"6b60a1b6-98eb-4906-a162-ede7e50cf951","label":"Continue","destination":"1-Assets or Debts?"}],"fields":[]},{"componentId":"92870026-009f-4d86-b4ce-31f48cdba451","name":"5-Legally married no Hawaii","text":"<P>In order to get divorced in Hawaii, you must be legally married and have lived in Hawaii for 6 months, and on the same island for 3 months. Since you are not legally married, you are not eligible to file for divorce.</P>","learn":"","help":"","tags":[],"buttons":[{"id":"5bdf3618-4a72-42bc-84d0-5b2d883c482c","label":"Continue","destination":"1-Assets or Debts?"}],"fields":[]},{"componentId":"fbb4a3ff-ed43-44f0-974b-2f9566f9fdb7","name":"7-Wife pregnant Hawaii?","text":"<P>Is the wife currently pregnant or are there any children born during the marriage who are not related to the husband?</P>","learn":"","help":"<P><BR/></P>","tags":[],"buttons":[{"id":"344f411d-1fdc-4f29-aeb9-45747e181196","label":"Yes","destination":"8-Pregnant or Children Not of Marriage yes Hawaii"},{"id":"487febb5-f96a-4340-8450-4492ddbabceb","label":"No","destination":"1-Assets or Debts?"}],"fields":[]},{"componentId":"3eccbc51-843a-42a4-b4e4-9f5923cfb0a6","name":"8-Pregnant or Children Not of Marriage yes Hawaii","text":"<P>If the wife is pregnant, you can file for divorce but a judge will not grant the divorce until the child is born. If the child is the biological child of both spouses, orders will be granted regarding that child in the divorce case. If the child is born out of wedlock, the judge will only grant the divorce if the parties submit either a paternity judgment or an affidavit from both spouses and the biological father of the child, AND a Supplemental Order regarding the Child. </P><DIV><BR/></DIV><DIV>Additional information about this will be included in your Personalized Plan at the end of this interview. </DIV>","learn":"","help":"","tags":[],"buttons":[{"id":"2f6c0183-9577-486b-98fc-3b344f9c3adf","label":"Continue","destination":"1-Already filed"}],"fields":[]},{"componentId":"6b13a775-908f-4ce7-a80b-49453909a4d0","name":"2a-End marriage no","text":"<P>Is separation an option?</P>","learn":"","help":"","tags":[],"buttons":[{"id":"fb8b0766-aa82-47fb-a76a-08cd56938654","label":"Yes","destination":"2b - Separation information"},{"id":"9d2ae1d5-5803-4562-ab2e-b79b64431e7f","label":"No","destination":"2b - Separation information"}],"fields":[]},{"componentId":"f5ffcbc9-affe-4ab3-a1af-72305f5e3064","name":"2b - Separation information","text":"<P>If you or your spouse want to stay married, but the other spouse doesn't, that spouse can file for divorce. The court will grant the divorce as long as 1 spouse wants the marriage to end. If you are interested in marriage counseling or mediation, here are resources (NONE LISTED IN MINDMEISTER)</P>","learn":"","help":"","tags":[],"buttons":[{"id":"027e5831-44a6-4cb8-82b5-e028db2891c7","label":"Continue","destination":"2c - Separation information 2"}],"fields":[]},{"componentId":"adb461e4-8756-4efd-aa96-9bb5783bb903","name":"2c - Separation information 2","text":"<P>There is a court process that continues your married status but enters a final order that divides marital property and debt. It can also provide a parenting plan and child support order. This process is used by people who want to remain legally married to protect significant religious, financial, social, or legal interests. </P><DIV><BR/></DIV><DIV>You could decide at a later date to file for divorce, which would end the marriage. </DIV><DIV><BR/></DIV><DIV>A legal separation is not required as a step on the way to getting a divorce. There are no court forms to file for a legal separation so you either need to draft up your own or talk to an attorney. </DIV>","learn":"","help":"","tags":[],"buttons":[{"id":"2ef94af7-e8ab-4fe2-a786-205e44d470bf","label":"Continue","destination":"2d - Separation information 3"}],"fields":[]},{"componentId":"3a5eb916-2a26-45f3-b166-b7ee4f3dc376","name":"2d - Separation information 3","text":"<P>You can separate informally without going to court by making your own arrangements with your spouse. However, if one of you decides to not follow the agreed arrangement, you will not have a court order to enforce the agreement. If you are concerned that the other side may not follow the separation agreement, you may want to file a court case. Your options are a legal separation or a divorce. </P>","learn":"","help":"","tags":[],"buttons":[{"id":"d38014b8-dd03-4d1b-bfd5-42d9afc6d5ff","label":"Continue","destination":"1-Already filed"}],"fields":[]},{"componentId":"3da944fa-fe57-46f9-839d-1282d5c38489","name":"1-Filed?","text":"<P>Have either of you filed for divorce?</P>","learn":"","help":"","tags":[],"buttons":[{"id":"43bcb9c4-5d2a-4249-a3b2-021025a15cf3","label":"Continue","destination":""}],"fields":[]},{"componentId":"0de7d6a1-68d9-4f63-b9b9-718c4c37cbd9","name":"3a-Resident of Alaska","text":"<P>Are either you or your spouse an Alaska resident?</P>","learn":"","help":"","tags":[],"buttons":[{"id":"3b41214f-1282-444c-9093-6c577ad9eb58","label":"Yes","destination":"3b-Resident of Alaska yes"},{"id":"ec623236-7525-427d-b805-afc18b84da27","label":"No","destination":"3c-Resident of Alaska no"}],"fields":[]},{"componentId":"3fcb4101-569d-4f95-8805-1cbb994e52b2","name":"3-Resident of Hawaii","text":"<P>Have you or your spouse lived in Hawaii for at least 6 months? </P>","learn":"","help":"","tags":[],"buttons":[{"id":"805c5026-18f6-48af-9e28-cb39425186ae","label":"Yes","destination":"6-Lived on same island 3 mo?"},{"id":"916c11de-481e-4c58-88fa-5bd1099cbc7e","label":"No","destination":"3d-Resident of Hawaii no"}],"fields":[]},{"componentId":"210d87cf-fc77-454d-9924-61ae800cb5f5","name":"3b-Resident of Alaska yes","text":"<P>Either you or your spouse may file to end your marriage in Alaska as long as the filing spouse is a resident of the state. Generally, you are an Alaska resident for the purposes of filing for divorce or dissolution if you are in Alaska when you file and intend to stay as a resident. </P><DIV><BR/></DIV><DIV>If you don't live in Alaska and were married outside of Alaska, but your spouse is an Alaska resident, you can file in Alaska. </DIV>","learn":"What if I want to learn more about Alaska's residency requirements?  What if my spouse or I are in the military?","help":"<P>You can learn more about Alaska's residency requirements here: <A target=\"_blank\" data-cke-saved-href=\"http://www.courts.alaska.gov/shc/family/shcstart.htm#residency.\" href=\"http://www.courts.alaska.gov/shc/family/shcstart.htm#residency.\">http://www.courts.alaska.gov/shc/family/shcstart.htm#residency.</A></P><DIV><BR/></DIV><DIV>If you are involved with the military, there are different residency requirements. Learn more about them here: <A target=\"_blank\" data-cke-saved-href=\"http://www.courts.alaska.gov/shc/family/shcstart.htm#military.\" href=\"http://www.courts.alaska.gov/shc/family/shcstart.htm#military.\">http://www.courts.alaska.gov/shc/family/shcstart.htm#military.</A></DIV>","tags":[],"buttons":[{"id":"668f6fd3-02ee-415b-a82b-b0235ef22cfc","label":"Continue","destination":"1-Already filed"}],"fields":[]},{"componentId":"5a9c0874-14e8-48fd-8f7f-f757f8adc928","name":"3c-Resident of Alaska no","text":"<P>Either you or your spouse may file to end your marriage in Alaska as long as the filing spouse is a resident of the state. Generally, you are an Alaska resident for the purposes of filing for divorce or dissolution if you are in Alaska when you file and intend to stay as a resident. </P><DIV><BR/></DIV><DIV>Also, if you don't live in Alaska and were married outside of Alaska, but your spouse is an Alaska resident, you can file in Alaska. </DIV>","learn":"What if I want to learn more about Alaska's residency requirements?  What if my spouse or I are in the military?","help":"<DIV>You can learn more about Alaska's residency requirements here: <A target=\"_blank\" data-cke-saved-href=\"http://www.courts.alaska.gov/shc/family/shcstart.htm#residency.\" href=\"http://www.courts.alaska.gov/shc/family/shcstart.htm#residency.\">http://www.courts.alaska.gov/shc/family/shcstart.htm#residency.</A></DIV><DIV><BR/></DIV><DIV>If you are involved with the military, there are different residency requirements. Learn more about them here: <A target=\"_blank\" data-cke-saved-href=\"http://www.courts.alaska.gov/shc/family/shcstart.htm#military.\" href=\"http://www.courts.alaska.gov/shc/family/shcstart.htm#military.\">http://www.courts.alaska.gov/shc/family/shcstart.htm#military.</A></DIV>","tags":[],"buttons":[{"id":"89c9690c-43c1-4f8d-af73-813bc32dd044","label":"Continue","destination":"1-Assets or Debts?"}],"fields":[]},{"componentId":"654199fd-728e-4907-acce-d5149529062a","name":"3d-Resident of Hawaii no","text":"<P>In order to get divorced in Hawaii, you must have lived in Hawaii for 6  months and on the same island for 3 months. Since you haven't yet lived in Hawaii for 6 months, you are not eligible to file for divorce at this time. When you finish this interview, more information will be included in your Personalized Plan. </P>","learn":"","help":"","tags":[],"buttons":[{"id":"359e2373-f9ac-4dc7-a09e-4f0cb953cb35","label":"Continue","destination":"1-Assets or Debts?"}],"fields":[]},{"componentId":"2e356908-89dc-4788-ac58-f438333a69e0","name":"6a-Lived on same island 3 mo no","text":"<P>In order to get divorced in Hawaii, you must have lived in Hawaii for 6 months and on the same island for 3 months. Since you haven't yet lived on the same island for 3 months, you're not eligible to file for divorce at this time. When you finish this interview, more information will be included in your Personalized Plan. </P>","learn":"","help":"","tags":[],"buttons":[{"id":"20de4f86-3e75-4fbd-8e74-2b51c55b3b25","label":"Continue","destination":"1-Assets or Debts?"}],"fields":[]},{"componentId":"7bc9bd6d-c567-42d8-b599-514a7f8a3a72","name":"6-Lived on same island 3 mo?","text":"<P>Have you lived on the island you want to file on for at least 3 months? </P>","learn":"","help":"","tags":[],"buttons":[{"id":"b7f7354d-f3c3-4542-a310-0e8c3442c292","label":"Yes","destination":"7-Wife pregnant Hawaii?"},{"id":"1f9ce446-6323-480a-9a1f-eac3707fb3f5","label":"No","destination":"6a-Lived on same island 3 mo no"}],"fields":[]},{"componentId":"cdfee31d-a5d6-4898-ae49-8ed58c70c7e4","name":"Marital Assets and Debts Definition","text":"<P>Marital assets refer to property, including house(s), cash, stocks, bonds, cars, pensions, retirement accounts, insurance policies, etc. that were earned or received during the marriage. </P><DIV><BR/></DIV><DIV>Marital debt is money owed that was indebted during the marriage. </DIV>","learn":"","help":"","tags":[],"buttons":[],"fields":[]},{"componentId":"17e193b9-feb5-4ec1-b66b-bb82f475db10","name":"New page 2 2","text":"<P>My text</P>","learn":"","help":"","tags":[],"buttons":[{"id":"3441fb2b-9d82-44cd-9384-5d6efdb8698c","label":"Continue","destination":""}],"fields":[]},{"componentId":"2b69a322-7091-40b7-8a14-ba2e9ac8ab69","name":"1-Assets or Debts?","text":"<P>Do you and your spouse have <A target=\"_blank\" data-cke-saved-href=\"POPUP://Marital Assets and Debts Definition\" href=\"POPUP://Marital Assets and Debts Definition\">marital assets or debt</A>? </P>","learn":"What if my spouse and I don't agree on how to divide the marital assets and debt? ","help":"<P>If you and your spouse don't agree on how to divide the marital assets and debt, the court will decide based on what is \"fair and equitable,\" by looking at many factors. </P><DIV><BR/></DIV><DIV>Usually the court will award each spouse what belonged to them before the marriage, unless the property changed to be considered marital.  </DIV><DIV><BR/></DIV><DIV>%%[Marital asset additional language AK TE]%%</DIV>","tags":[],"buttons":[{"id":"91f1803b-fe71-4794-acb0-88adb1d61bc6","label":"Yes","destination":"2-Temporary order needed?"},{"id":"0616ed5a-3ae9-4c98-9d18-e62c0e3568b7","label":"No","destination":"New page 2 2"}],"fields":[]},{"componentId":"69981652-f8e8-4122-8b5b-361725d46b49","name":"2-Temporary order needed?","text":"<P>Do you need temporary orders in the meantime? </P>","learn":"What if we are not in agreement on certain key issues?","help":"<P>If you and your spouse are not in agreement on certain key issues such as custody or financial support, you may file a \"Motion and Affidavit for Pre-Decree Relief,\" which is used to request every type of available relief in a case where a divorce has not yet been granted.</P>","tags":[],"buttons":[{"id":"49fb6c82-0edc-402d-b82d-30f0d4a4a13b","label":"Yes","destination":"3-Yes to Temporary Orders Needed"},{"id":"994923a5-eb26-4aa3-adc2-a17dd61039ce","label":"No","destination":"5-Explanation of Uncontested Divorce option"}],"fields":[]},{"componentId":"8aa78fca-682c-4b42-be8a-51acc734384e","name":"3-Yes to Temporary Orders Needed","text":"<P>You said that you need temporary orders related. When you finish the interview, additional information will be added to your Personalized Plan. </P>","learn":"","help":"<P><BR/></P>","tags":[],"buttons":[{"id":"c6d81c30-3b06-4a83-8274-5acb33774d54","label":"Continue","destination":""}],"fields":[]},{"componentId":"dd34b1a6-d7ec-471a-a695-45945f8e4427","name":"4-Emergency? (Alaska only)","text":"<P>Is there an emergency requiring a decision to be made ASAP (as soon as possible)?</P>","learn":"","help":"","tags":[],"buttons":[{"id":"dc9fd029-4654-48de-b0f4-a6d29d561e43","label":"Yes","destination":""},{"id":"389af4a0-2730-448f-8b32-d9f7deb9b57c","label":"No","destination":""}],"fields":[]},{"componentId":"3c248cca-94c7-4633-ad07-bc291a64f316","name":"5-Explanation of Uncontested Divorce option","text":"<P>Based on your answers, uncontested divorce may be an option for you and your spouse. When you finish the interview, more information on uncontested divorce will be included in your Personalized Plan. </P>","learn":"","help":"","tags":[],"buttons":[{"id":"fad05a17-bcc2-4756-ae7d-f96822bed4ae","label":"Continue","destination":"New page 2 2"}],"fields":[]},{"componentId":"d3c9e752-e3db-47b8-8d00-ff514debc50f","name":"New page 2 2 2","text":"<P>My text</P>","learn":"","help":"","tags":[],"buttons":[{"id":"908d62ee-fe2e-494a-b8ae-fe307d84fccb","label":"Continue","destination":""}],"fields":[]},{"componentId":"207d03d8-1a90-4d2a-9910-a87185178e96","name":"New page 2 2 2 2","text":"<P>My text</P>","learn":"","help":"","tags":[],"buttons":[{"id":"11691255-ba56-49bb-9ba1-b0390b945982","label":"Continue","destination":""}],"fields":[]},{"componentId":"3f35aa98-c8fc-432c-b313-b25f313216e2","name":"1-Already filed","text":"<P>%%[Client first name TE]%% have either you or your spouse filed for divorce?</P>","learn":"","help":"","tags":[],"buttons":[{"id":"f5decdbe-b3a8-4533-9eb9-fd468c208ff0","label":"Yes","destination":"4-Stage of case"},{"id":"509ebc6d-7f45-4951-a113-e1bc9ad8b2b2","label":"No. There is no case yet, but I want more information.","destination":"2-Have not filed yet"},{"id":"c23fca1e-9629-4c83-8769-35d94f8ce36c","label":"I don't know.","destination":"3-Don't know if filed"}],"fields":[]},{"componentId":"ada3b10a-ac21-4f51-993b-cc39d70d870a","name":"2-Have not filed yet","text":"<P>You said neither you nor your spouse has filed for divorce yet, but that you wanted additional information. Additional information on filing for divorce will be provided for you in your Personalized Plan. </P>","learn":"","help":"","tags":[],"buttons":[{"id":"9407f969-64e4-46aa-909e-a5e66b040adb","label":"Continue","destination":"1-Assets or Debts?"}],"fields":[]},{"componentId":"34574221-3009-42ab-a4f6-65d7ac6b7199","name":"3-Don't know if filed","text":"<P>You said you aren't sure if you or your spouse has already filed for divorce. Additional information will be provided to you in your Personalized Plan. </P>","learn":"","help":"","tags":[],"buttons":[{"id":"57e1aeb0-96d4-4586-9f7f-d91cf0849272","label":"Continue","destination":"1-Assets or Debts?"}],"fields":[]},{"componentId":"4a251e0b-fb9b-4b90-90c5-cfe2d8c486f3","name":"4-Stage of case","text":"<P>%%[Client first name TE]%%, you said that you or your spouse has already filed for divorce. What stage of the case are you in? </P>","learn":"","help":"","tags":[],"buttons":[{"id":"15036ff4-d4c8-4b5c-8b26-0358e82bad91","label":"Continue","destination":""}],"fields":[{"id":"07d26515-790b-4cb2-b0b4-0776a2d71f87","type":"RadioButton","label":"<P>I filed the complaint to start the case.</P>","isRequired":true,"min":"","max":"","invalidPrompt":""},{"id":"0ecb2abd-549c-4b14-b26e-f6b5bfe8e490","type":"RadioButton","label":"<P>I received a complaint from the other side</P>","isRequired":true,"min":"","max":"","invalidPrompt":""},{"id":"cff3af4c-e39c-4f5a-ac0e-69fd8afe48b7","type":"RadioButton","label":"<P>The case has been filed, but I need to judge to decide something temporarily before the final decision.</P>","isRequired":true,"min":"","max":"","invalidPrompt":""},{"id":"cd795cc4-9114-4006-8bde-a3417b85e7a8","type":"RadioButton","label":"<P>The case has been filed, but I want to respond to the other side's motion or request.</P>","isRequired":true,"min":"","max":"","invalidPrompt":""},{"id":"33f05b00-b211-4915-bc38-b0cc99ca78d4","type":"RadioButton","label":"<P>The case has been filed, but I am waiting for a hearing on a motion or request.</P>","isRequired":true,"min":"","max":"","invalidPrompt":""},{"id":"4d54fadf-8558-444e-aa44-a700a60d5b67","type":"RadioButton","label":"<P>The case has been filed, but I am waiting for trial.</P>","isRequired":true,"min":"","max":"","invalidPrompt":""},{"id":"fc8ccad2-566f-4218-ae86-c627a107a175","type":"RadioButton","label":"<P>The case has been filed, but I am waiting for the judge's decision.</P>","isRequired":true,"min":"","max":"","invalidPrompt":""},{"id":"c7adb76d-518a-491b-96b0-3a2b40768a88","type":"RadioButton","label":"<P>A final decision has been handed down, but I want to change it.</P>","isRequired":true,"min":"","max":"","invalidPrompt":""}]},{"componentId":"335a6436-0352-41cd-a483-7652e4756bd4","name":"5-Filed complaint, did you serve spouse?","text":"<P>You said that you filed a complaint to start the case. Have you served your spouse?</P>","learn":"What is service?","help":"<P>As part of the divorce, your spouse must be properly given a copy of the divorce forms you filed at court so that they know you are starting the divorce process. This is called \"serving your spouse.\" </P>","tags":[],"buttons":[{"id":"dcd63120-3c7a-4708-9104-4b77536d7e71","label":"Yes","destination":""},{"id":"20135d2f-010a-4e9f-8ae5-d93b03e1f831","label":"No","destination":"6-Did not serve spouse"}],"fields":[]},{"componentId":"fe7a6073-11fb-4be0-8271-c1e88614237c","name":"6-Did not serve spouse","text":"<P>Proper service is required at the beginning of every divorce action because:</P><DIV><BLOCKQUOTE><DIV>1. it tells your spouse what is going on, and</DIV><DIV>2. it gives your spouse a change to respond to the court papers. </DIV></BLOCKQUOTE></DIV>","learn":"","help":"","tags":[],"buttons":[{"id":"aed86a6f-0366-4ad7-ad73-09f38e93957d","label":"Continue","destination":"7-Service explanation continued"}],"fields":[]},{"componentId":"4d20b488-605c-4456-82a8-be4593c91a81","name":"7-Service explanation continued","text":"<P>Does your spouse live in the same state as you? </P>","learn":"","help":"","tags":[],"buttons":[{"id":"497a83f0-49d2-4740-af4c-72be2e62746e","label":"Yes","destination":"8-Spouse in same state yes"},{"id":"a08c3a50-0522-4216-bbd5-727b025fc7aa","label":"No","destination":"9-Know where spouse is?"}],"fields":[]},{"componentId":"644c113b-8d63-41bb-b9b3-65bb76a83cf2","name":"8-Spouse in same state yes","text":"<P>You said your spouse lives in the same state as you. When you finish this interview, I'll include additional information about serving your spouse in your Personalized Plan. </P>","learn":"","help":"","tags":[],"buttons":[{"id":"686a2f5d-4f15-4892-9b8b-bc969cb56868","label":"Continue","destination":"1-Assets or Debts?"}],"fields":[]},{"componentId":"4e581b4b-8a03-4c57-9926-5dd9045169dc","name":"9-Know where spouse is?","text":"<P>Do you know where your spouse is?</P>","learn":"","help":"<P><BR/></P>","tags":[],"buttons":[{"id":"a684aa90-c834-47ef-a924-f92c96251b0e","label":"Yes","destination":"10-Service by mail"},{"id":"b79e2b59-71eb-492d-87a5-18fe393007e1","label":"No","destination":"11-Service by publication"}],"fields":[]},{"componentId":"bb6d2e21-eed2-4a14-a0eb-c1ed33276b82","name":"10-Service by mail","text":"<P>%%[Service by mail wording TE]%%</P>","learn":"","help":"","tags":[],"buttons":[{"id":"997b9a24-96f4-47ea-a999-9a5390be3a0d","label":"Continue","destination":"1-Assets or Debts?"}],"fields":[]},{"componentId":"d02d768e-78f5-4ca1-bea5-7713f8fbf4e5","name":"11-Service by publication","text":"<P>You said you don't know where your spouse is. In this situation you can use Service by Publication or Service by Mail in Lieu of Publication. When you finish this interview, I'll include more information about this in your Personalized Plan. </P>","learn":"","help":"","tags":[],"buttons":[{"id":"e968aafe-019b-4cea-9d09-164390ffbafe","label":"Continue","destination":"1-Assets or Debts?"}],"fields":[]},{"componentId":"cd5a42e0-48b2-4eab-aeb9-e7e983d1327c","name":"12-Other side filed answer?","text":"<P>Has the other side filed an Answer?</P>","learn":"What is an Answer?","help":"<P>An Answer is a written response that your spouse writes and filed with the court, telling the court what they agree or disagree with in the Complaint for Divorce and what they want from the divorce. </P>","tags":[],"buttons":[{"id":"9c8aac9a-3271-4b8c-993e-bd1e50fb821a","label":"Yes","destination":"15-All in agreement?"},{"id":"4da55220-fa59-464c-aadb-0e41caf51afe","label":"No","destination":"13-No Answer Filed"}],"fields":[]},{"componentId":"644f8524-aa68-4209-be6e-de5089d72515","name":"13-No Answer Filed","text":"<P>You said your spouse hasn't filed an Answer yet. Has 20 days passed since the other side was served with the complaint? </P>","learn":"","help":"","tags":[],"buttons":[{"id":"c097cbe8-5524-48f0-92f3-a32c544ab895","label":"Yes","destination":"1-Assets or Debts?"},{"id":"cbea5185-85b0-4ead-ad26-b190fb16bc62","label":"No","destination":"14-20 days hasn't passed."}],"fields":[]},{"componentId":"3d8ff187-b7d7-4688-ba79-64dd6918832d","name":"14-20 days hasn't passed.","text":"<P>You said your spouse hasn't filed an Answer and 20 days has not passed since you served your spouse with the Complaint for Divorce. When you finish this interview, I'll give you more information in your Personalized Plan. </P>","learn":"","help":"","tags":[],"buttons":[{"id":"575ffb8b-8c42-40b1-824f-ebda9a84e592","label":"Continue","destination":"1-Assets or Debts?"}],"fields":[]},{"componentId":"32549b09-e809-4847-a015-cb5aaf0a1a2f","name":"15-All in agreement?","text":"<P>Are you and your spouse in agreement about the terms of the divorce (division of <A target=\"_blank\" data-cke-saved-href=\"POPUP://Marital Assets and Debts Definition\" href=\"POPUP://Marital Assets and Debts Definition\">marital assets and debts</A>, financial support, etc?)</P>","learn":"","help":"","tags":[],"buttons":[{"id":"2c921a14-dbeb-4368-8c26-d75d227a77a0","label":"Yes, on all issues","destination":"16-Agreement on all issues"},{"id":"2c345ca3-d450-47e4-b245-d6f1af8f19cb","label":"Yes, on some issues","destination":""},{"id":"f7eb3127-79c1-4b02-9462-72632cb7d4dc","label":"No or I don't know","destination":""}],"fields":[]},{"componentId":"5a9ba2d2-6607-4e12-936d-b6e4da7c2c74","name":"16-Agreement on all issues","text":"<P>You said that you and your spouse agree on all the terms/issues in the divorce. </P><DIV>%%[Uncontested divorce info TE]%%</DIV>","learn":"","help":"","tags":[],"buttons":[{"id":"fd673767-33d5-44f6-8d9d-d7888b2bd70e","label":"Continue","destination":""}],"fields":[]},{"componentId":"38c6e14b-9a26-44e9-b9f0-6046420f132c","name":"17- Agreement on some issues","text":"<P>Do you feel like you can communicate safely with our spouse about issues involved with the divorce?</P>","learn":"","help":"","tags":[],"buttons":[{"id":"fe208732-45a0-4524-8d8d-cb3c770980fc","label":"Yes","destination":"18-Mediator?"},{"id":"1ca5538f-9d23-4983-af28-9e93437de5b5","label":"No","destination":"20-DV referral"}],"fields":[]},{"componentId":"91980df8-57ac-482d-b5da-6d822c5e5b5e","name":"18-Mediator?","text":"<P>Have you and your spouse talked with a professional or other third party to help reach an agreement?</P>","learn":"What are some methods available for reaching an agreement?","help":"<P>There are many methods available to reach an agreement. Mediation and collaborative divorce are often very useful alternatives to solving marital conflicts. </P>","tags":[],"buttons":[{"id":"c95fd297-7a09-44db-b2fa-69c84d7269bd","label":"Continue","destination":""}],"fields":[]},{"componentId":"449929d2-5a47-4b15-88c8-a85b5b209291","name":"19- Talked to mediator/third party already","text":"<P>If you are still not able to come to an agreement through mediation or other methods, you may want to consider hiring a private attorney or contacting a legal services organization for further assistance. When you finish the interview, I'll add more information about this to your Personalized Plan. </P>","learn":"","help":"<P><BR/></P>","tags":[],"buttons":[{"id":"8e6d3a3d-1a04-4ef4-9a6c-a38a6d25b96b","label":"Continue","destination":"1-Assets or Debts?"}],"fields":[]},{"componentId":"2b551883-e674-4faa-a5ba-c3264c1c7573","name":"20-DV referral","text":"<P>You have said you don't feel safe discussing the remaining unresolved issues with your spouse. When you are finished with this interview, I will add information to your Personalized Plan with DV specific legal/social services organizations and referrals to attorneys that can represent survivors ((WORDING FROM MINDMEISTER-- NO actual info on referrals/additional info))</P>","learn":"","help":"","tags":[],"buttons":[{"id":"3909acda-b272-4fea-a39b-83866e6fbaf4","label":"Continue","destination":"1-Assets or Debts?"}],"fields":[]},{"componentId":"a2fb4389-0721-4c53-867b-5b2df502d195","name":"21- Haven't talked to mediator yet","text":"<P>It would be a good idea to set up an appointment with a professional mediator who can help you reach an agreement. When you finish this interview, I'll add additional information that will help you find a mediator. </P>","learn":"","help":"","tags":[],"buttons":[{"id":"523d78b8-86ea-4672-ae80-254413a23866","label":"Continue","destination":"1-Assets or Debts?"}],"fields":[]},{"componentId":"b4c31719-64b7-4d7d-96ff-cbb143001f80","name":"22-Don't agree on issues or don't know","text":"<P>Do you want to try to reach an agreement with the help of a third party?</P>","learn":"","help":"","tags":[],"buttons":[{"id":"0bdfc37a-a12f-4b49-93c1-1c8fda6200ed","label":"Yes","destination":"17- Agreement on some issues"},{"id":"f7c62759-743b-4ace-8711-d331cd546674","label":"No","destination":"1-Already filed"}],"fields":[]},{"componentId":"65a62830-b304-4126-90b2-33707a4982f3","name":"23-Received a complaint from the other side","text":"<P>You said that you have received a complaint for the other side. Have you filed an Answer to the Complaint within 20 days of being served with it? </P>","learn":"What is an Answer?","help":"<P>An Answer is a written response that you write and file with the court stating what you agree and disagree with in the Complaint and what you want from the divorce. </P>","tags":[],"buttons":[{"id":"e2521702-6992-417d-ba87-ac104e8c5a7f","label":"Yes","destination":""},{"id":"89d66c48-3b6a-4293-bf2a-58bc8b3c8301","label":"No","destination":""}],"fields":[]},{"componentId":"749e6078-ca1e-48b8-81bf-e5129c59a417","name":"24- Already filed answer","text":"<P>Are you in agreement on all issues? </P>","learn":"","help":"","tags":[],"buttons":[{"id":"97b24da3-2b7d-496e-ae17-86cd95680db4","label":"Yes","destination":"25-In agreement"},{"id":"1c35835a-5e1f-4261-8428-12886f61b8da","label":"No","destination":"26- Not in agreement"}],"fields":[]},{"componentId":"81713b85-cd15-4b82-b188-b6b158853a0f","name":"25-In agreement","text":"<P>You said you were in agreement on all issues. The divorce will likely proceed as an uncontested case, meaning you and your spouse are in agreement on all issues of the divorce.  When you finish this interview, I'll add additional information to your Personalized Plan about this. </P>","learn":"","help":"","tags":[],"buttons":[{"id":"3f2a7b22-7e97-403b-80f8-6d26bed3bcdd","label":"Continue","destination":"1-Assets or Debts?"}],"fields":[]},{"componentId":"c9593189-320d-4036-96cc-be71b93d10ab","name":"26- Not in agreement","text":"<P>You said that you and your spouse are not in agreement on all issues. When you are finished with this interview, I will include additional information about professional mediation in your Personalized Plan. </P>","learn":"","help":"","tags":[],"buttons":[{"id":"5c2e4de7-b4fe-4ff1-a1be-12eff67c5060","label":"Continue","destination":"27-Need temporary orders?"}],"fields":[]},{"componentId":"bd2e38df-798b-4c41-b1d2-d8d622ead724","name":"27-Need temporary orders?","text":"<P>Do you need temporary orders in the meantime? </P>","learn":"","help":"","tags":[],"buttons":[{"id":"e6f14e72-9293-4d33-a555-21f3630035fd","label":"Yes","destination":"2-Temporary order needed?"},{"id":"f1777753-034a-43c4-82ab-8be3638c00a4","label":"No","destination":"1-Assets or Debts?"}],"fields":[]},{"componentId":"1e86d1d8-5ad6-43e6-b51f-1d6f587ac9a0","name":"28-Did not file answer","text":"<P>If you don't file an answer within 20 days, the other side can ask the court for a default judgment based only on the information provided in the complaint. If the other side hasn't filed for a default judgment, you can file an answer so the judge can consider what you think about the issues raised on the complaint and so you can tell the judge what you want to happen. If the court has already entered a default judgment against you, you can ask for it to be set aside. </P>","learn":"","help":"","tags":[],"buttons":[{"id":"9b9d8640-1ff3-4277-a45d-83f50d4f3646","label":"Continue","destination":""}],"fields":[]}],"_rid":"ap9UAOn3rUMCAAAAAAAAAA==","_self":"dbs/ap9UAA==/colls/ap9UAOn3rUM=/docs/ap9UAOn3rUMCAAAAAAAAAA==/","_etag":"\"af0034a3-0000-0000-0000-5b638cf10000\"","_attachments":"attachments/","_ts":1533250801}
,{"id":"50753999-de97-402b-9e67-ace4d996661a","title":"1a Divorce Curated Experience_July 31 2018 DEMO","components":[{"componentId":"ba61ed4b-e61f-42be-9e30-08dbbc6c0c23","name":"1-Introduction","text":"Welcome to the Divorce Flow A2J Guided Interview. This interview will walk you through a series of questions that should take you between ___ and ___ minutes to complete. In the end, you'll be provided with a Personalized Plan that will include the resources you need to learn more about the next steps in the divorce process and the paperwork you will need to start the process. </P><P>To learn more about this project, go <A target=\"_blank\" data-cke-saved-href=\"https://www.lsc.gov/media-center/press-releases/2017/legal-services-corporation-announces-pilot-states-innovative\" href=\"https://www.lsc.gov/media-center/press-releases/2017/legal-services-corporation-announces-pilot-states-innovative\">here</A>","learn":"","help":"","tags":[],"buttons":[{"id":"1a091bd6-e181-4822-a546-ad4a9da35b00","label":"Continue","destination":"2-Introduction 2"}],"fields":[]},{"componentId":"1a091bd6-e181-4822-a546-ad4a9da35b00","name":"2-Choose issue","text":"<P>%%[Client first name TE]%% which of the following best describes your situation? You can always come back later and make a different selection. </P>","learn":"","help":"<P><BR/></P>","tags":[],"buttons":[{"id":"e203980e-0c29-430d-ab6f-88787eeafb08","label":"Continue","destination":""}],"fields":[{"id":"3945941b-07f6-4d2a-9f6b-dc3b7f215dd9","type":"RadioButton","label":"<P>The judge made a final decision, but I am not happy with it.</P>","isRequired":true,"min":"","max":"","invalidPrompt":"<P><BR/></P>"},{"id":"eb87427a-ae72-4d86-87f3-5dd785fa28ec","type":"RadioButton","label":"<P>The final decision happened but I want to change something.</P>","isRequired":true,"min":"","max":"","invalidPrompt":"<P><BR/></P>"},{"id":"ca10edc1-3a42-44fb-b554-dac6635fc8e6","type":"RadioButton","label":"<P>The final decision happened, but I want the other side to follow the order.</P>","isRequired":true,"min":"","max":"","invalidPrompt":"<P><BR/></P>"}]},{"componentId":"71d0a163-51df-4ac2-bd49-b9289cf2fd66","name":"3-Not happy with final decision","text":"<P>You said that the judge made a final decision, but you're not happy with it. </P><DIV><BR/></DIV><DIV>You have some options depending on how long ago the final decision was made and the issues you are unhappy about. </DIV><DIV><BR/></DIV><DIV>In family law cases there may be options to deal with mistakes or changes by filing documents in the Superior Court and not filing an appear in the Supreme Court. You can learn more about that here: <A target=\"_blank\" data-cke-saved-href=\"http://courts.alaska.gov/shc/family/after-judgment.htm#reconsider.\" href=\"http://courts.alaska.gov/shc/family/after-judgment.htm#reconsider.\">http://courts.alaska.gov/shc/family/after-judgment.htm#reconsider.</A></DIV>","learn":"","help":"","tags":[],"buttons":[{"id":"399b7fcc-b329-43d2-918a-163785394ecb","label":"Continue","destination":""}],"fields":[]},{"componentId":"89c5f96c-d0b1-4bff-9e3f-94d89c662a46","name":"1-Divorce already granted?","text":"<P>Is your issue about a divorce that has already been granted?</P>","learn":"How do I know if a divorce has already been granted?","help":"<P>If you don't know if a final divorce decree has been granted, you can search the records of the clerk of the county court in the county that the divorce was filed in. Generally that is the county where one or both of the parties lives. </P>","tags":[],"buttons":[{"id":"a9403e8a-f562-4b99-b738-23cabf7b65e4","label":"Yes","destination":"2-Choose issue"},{"id":"600f067e-82ca-42b7-a342-8806f56a61cb","label":"No","destination":"1-End marriage"}],"fields":[]},{"componentId":"50588b8f-5798-4eeb-b284-f3135bfe3867","name":"4-Not happy with final decision 2","text":"<P>You have two potential options if you are not happy with the final decision that the judge made. You can file a motion for reconsideration or file a motion to modify. Click the one you would like to learn more about. </P>","learn":"","help":"","tags":[],"buttons":[{"id":"eec51216-1705-42fc-a438-999f6d6305f9","label":"File a motion for reconsideration","destination":"5-Motion for reconsideration"},{"id":"0a172a07-b0c4-43d0-a7ac-7a2e4941f8be","label":"File a motion to modify","destination":"6-Motion to modify"}],"fields":[]},{"componentId":"3dbd4e41-6a3f-45f2-8dfe-5839d77afc41","name":"5-Motion for reconsideration","text":"<P>You said you are interested in learning more about a motion for reconsideration. You may be able to file a motion for reconsideration if it is within 10 days from the date shown in the certificate below the judge's signature and for a specific reason allowed under the court rules. Learn more about the reasons and find the forms here: <A target=\"_blank\" data-cke-saved-href=\"http://courts.alaska.gov/shc/family/after-judgment.htm#reconsider.\" href=\"http://courts.alaska.gov/shc/family/after-judgment.htm#reconsider.\">http://courts.alaska.gov/shc/family/after-judgment.htm#reconsider</A>.</P>","learn":"","help":"","tags":[],"buttons":[{"id":"51005115-9a88-4bfd-8d82-b5fa3accdedb","label":"Continue","destination":"1-Assets or Debts?"}],"fields":[]},{"componentId":"ff4bab84-0796-4e63-814e-e05b2b6a04a8","name":"6-Motion to modify","text":"<P>You said you are interested in the motion to modify. At the end of this interview, this information will be added to your Personalized Plan. </P>","learn":"","help":"","tags":[],"buttons":[{"id":"9998a6d5-192a-4a54-84f8-b13e563dc5eb","label":"Continue","destination":"1-Assets or Debts?"},{"id":"ed66c8c3-ae12-4bb3-b2ef-ce7350bfb600","label":"Go Back","destination":"BACK"}],"fields":[]},{"componentId":"aaca6aed-b8bd-487e-b32f-c9edbb31a867","name":"7-Want to change something","text":"<P>You said the final decision already happened, but you wan to change something. What do you want to change? </P>","learn":"","help":"<P><BR/></P>","tags":[],"buttons":[{"id":"7d7ebbc8-638a-40a4-81a3-c7a1cae83cd0","label":"The property or debt division","destination":"8-Property or Debt division change"},{"id":"aa4c3a3e-ca45-42c4-98b3-10e680274f69","label":"The parenting plan or child support order","destination":"9-Change parenting plan or child support"}],"fields":[]},{"componentId":"a0f1dfc4-43fd-444c-90d0-876af6f9bcca","name":"4- Alaska or Hawaii","text":"<P>%%[Client first name TE]%% do you live in Alaska or Hawaii?</P>","learn":"","help":"","tags":[],"buttons":[{"id":"4b699321-b77c-4908-81a7-10c31ec0b75c","label":"Alaska","destination":"1-Divorce already granted?"},{"id":"1d147592-7a33-48c4-8c57-0979abda74f5","label":"Hawaii","destination":"1-Divorce already granted?"}],"fields":[]},{"componentId":"c59c8a0b-299c-4683-825e-008b7c4a85be","name":"8-Property or Debt division change","text":"<P>It is difficult to change a property and debt division after a final judgment because the things may have been sold, assets transferred, or otherwise disposed of. Learn more and find the form to request to modify a property allocation at: <A target=\"_blank\" data-cke-saved-href=\"http://courts.alaska.gov/shc/family/property.htm#change.\" href=\"http://courts.alaska.gov/shc/family/property.htm#change.\">http://courts.alaska.gov/shc/family/property.htm#change.</A></P>","learn":"","help":"","tags":[],"buttons":[{"id":"d54c1dd2-fecd-4171-b1e1-2162026947cf","label":"Continue","destination":"1-Assets or Debts?"}],"fields":[]},{"componentId":"34e6057e-e21d-4124-b703-738dc64cc040","name":"9-Change parenting plan or child support","text":"<P>You said that you want to learn more about modifying a parenting plan or a child support order. When you have completed the interview, this information will be added to your Personalized Plan. </P>","learn":"","help":"","tags":[],"buttons":[{"id":"4a9b28cb-94b5-4c8d-b9f9-41528020757e","label":"Continue","destination":"1-Assets or Debts?"}],"fields":[]},{"componentId":"93f3513d-9bac-457d-817c-235854752098","name":"10-Other side follow order","text":"<P>You said that the final decision happened, but you want the other side to follow the order. </P><DIV><BR/></DIV><DIV>%%[Want other side to follow order extra text TE]%%</DIV>","learn":"","help":"","tags":[],"buttons":[{"id":"fd522a99-a1f5-454d-805d-c4789737538e","label":"Continue","destination":"1-Assets or Debts?"}],"fields":[]},{"componentId":"2a2bc813-1a7e-4ec0-ae87-b6055d54e81e","name":"1-End marriage","text":"<P>Do you want to end your marriage?</P>","learn":"","help":"","tags":[],"buttons":[{"id":"905cff38-feec-4d10-a153-e6338845128d","label":"Yes","destination":"2-End marriage yes"},{"id":"856d3a71-f1c8-4e9b-840c-32a5a54ded8a","label":"No","destination":"2a-End marriage no"}],"fields":[]},{"componentId":"a1e185ed-a5c1-46da-b45d-c87f544440b7","name":"2-End marriage yes","text":"<P>Are you legally married to the person you want to divorce?</P>","learn":"","help":"","tags":[],"buttons":[{"id":"c5b8c30a-f353-420d-a29f-e23707fee4cc","label":"Yes","destination":"3-Resident of Hawaii"},{"id":"98135f4b-edcc-448f-8343-e0046dd6fe8c","label":"No","destination":"4-Legally married no Alaska"}],"fields":[]},{"componentId":"26cae272-c06a-4e1d-81db-335c444bfa26","name":"4-Legally married no Alaska","text":"<P>There is no common law marriage in Alaska. In order to file for divorce, you must be legally married first. </P>","learn":"","help":"","tags":[],"buttons":[{"id":"6fad058d-dfb9-44d3-9ee7-40356325a6f9","label":"Continue","destination":"1-Assets or Debts?"}],"fields":[]},{"componentId":"fa3a87cc-dcab-49ea-a29f-15234bb9f166","name":"5-Legally married no Hawaii","text":"<P>In order to get divorced in Hawaii, you must be legally married and have lived in Hawaii for 6 months, and on the same island for 3 months. Since you are not legally married, you are not eligible to file for divorce.</P>","learn":"","help":"","tags":[],"buttons":[{"id":"826ee3cf-cad1-4016-90a5-f98f38a94a00","label":"Continue","destination":"1-Assets or Debts?"}],"fields":[]},{"componentId":"4d3b7d53-9806-4161-8950-4c0bdf6b1460","name":"7-Wife pregnant Hawaii?","text":"<P>Is the wife currently pregnant or are there any children born during the marriage who are not related to the husband?</P>","learn":"","help":"<P><BR/></P>","tags":[],"buttons":[{"id":"6129bccf-a6d9-4652-92b5-32a5fff03515","label":"Yes","destination":"8-Pregnant or Children Not of Marriage yes Hawaii"},{"id":"ef6b1890-db8d-43c8-abf5-20251f357b58","label":"No","destination":"1-Assets or Debts?"}],"fields":[]},{"componentId":"a2f0e7c7-db18-4936-806f-04d350851209","name":"8-Pregnant or Children Not of Marriage yes Hawaii","text":"<P>If the wife is pregnant, you can file for divorce but a judge will not grant the divorce until the child is born. If the child is the biological child of both spouses, orders will be granted regarding that child in the divorce case. If the child is born out of wedlock, the judge will only grant the divorce if the parties submit either a paternity judgment or an affidavit from both spouses and the biological father of the child, AND a Supplemental Order regarding the Child. </P><DIV><BR/></DIV><DIV>Additional information about this will be included in your Personalized Plan at the end of this interview. </DIV>","learn":"","help":"","tags":[],"buttons":[{"id":"15e2f6af-2eb8-4f87-86e9-5d8d31ef4ef1","label":"Continue","destination":"1-Already filed"}],"fields":[]},{"componentId":"967d38aa-fcb1-431a-bc9b-4e8e3ef37d7d","name":"2a-End marriage no","text":"<P>Is separation an option?</P>","learn":"","help":"","tags":[],"buttons":[{"id":"00084569-4cd2-480f-bb0f-34deef118d77","label":"Yes","destination":"2b - Separation information"},{"id":"78ba516d-d9a3-429c-b8d1-bdc875016f27","label":"No","destination":"2b - Separation information"}],"fields":[]},{"componentId":"f1529359-e069-4e06-9a07-ff3c690015b5","name":"2b - Separation information","text":"<P>If you or your spouse want to stay married, but the other spouse doesn't, that spouse can file for divorce. The court will grant the divorce as long as 1 spouse wants the marriage to end. If you are interested in marriage counseling or mediation, here are resources (NONE LISTED IN MINDMEISTER)</P>","learn":"","help":"","tags":[],"buttons":[{"id":"b9934b76-be2e-47ec-8b5e-fc58631565d1","label":"Continue","destination":"2c - Separation information 2"}],"fields":[]},{"componentId":"ecb9230e-ba21-4351-b7d0-e0cbe1d2444d","name":"2c - Separation information 2","text":"<P>There is a court process that continues your married status but enters a final order that divides marital property and debt. It can also provide a parenting plan and child support order. This process is used by people who want to remain legally married to protect significant religious, financial, social, or legal interests. </P><DIV><BR/></DIV><DIV>You could decide at a later date to file for divorce, which would end the marriage. </DIV><DIV><BR/></DIV><DIV>A legal separation is not required as a step on the way to getting a divorce. There are no court forms to file for a legal separation so you either need to draft up your own or talk to an attorney. </DIV>","learn":"","help":"","tags":[],"buttons":[{"id":"628f752c-7aa5-409d-9d5d-402a539008e4","label":"Continue","destination":"2d - Separation information 3"}],"fields":[]},{"componentId":"3cf4eb29-ee2f-4f26-9024-4b9645885ff9","name":"2d - Separation information 3","text":"<P>You can separate informally without going to court by making your own arrangements with your spouse. However, if one of you decides to not follow the agreed arrangement, you will not have a court order to enforce the agreement. If you are concerned that the other side may not follow the separation agreement, you may want to file a court case. Your options are a legal separation or a divorce. </P>","learn":"","help":"","tags":[],"buttons":[{"id":"877e882b-7ca5-430d-a999-c74ed80c15b8","label":"Continue","destination":"1-Already filed"}],"fields":[]},{"componentId":"4ee72213-3624-41b5-b8ac-37a00d12cf67","name":"1-Filed?","text":"<P>Have either of you filed for divorce?</P>","learn":"","help":"","tags":[],"buttons":[{"id":"16f9b5cb-1235-432d-9e8d-2cea6edac402","label":"Continue","destination":""}],"fields":[]},{"componentId":"059ba49a-1560-426c-918a-04a84b1858a4","name":"3a-Resident of Alaska","text":"<P>Are either you or your spouse an Alaska resident?</P>","learn":"","help":"","tags":[],"buttons":[{"id":"19c9351e-94a8-4ca8-90a2-5b818f79fc4b","label":"Yes","destination":"3b-Resident of Alaska yes"},{"id":"70b51579-9980-4f4f-92d6-6a98673821ab","label":"No","destination":"3c-Resident of Alaska no"}],"fields":[]},{"componentId":"d879cf2d-1c19-4124-84c9-22e530152b6e","name":"3-Resident of Hawaii","text":"<P>Have you or your spouse lived in Hawaii for at least 6 months? </P>","learn":"","help":"","tags":[],"buttons":[{"id":"d7bbf54f-a2af-48ce-9923-bc31ff7faf30","label":"Yes","destination":"6-Lived on same island 3 mo?"},{"id":"ae3d720f-ae81-40ad-a40f-1929014c55c4","label":"No","destination":"3d-Resident of Hawaii no"}],"fields":[]},{"componentId":"8ed04a6b-922e-4f21-94d3-24c3117689a1","name":"3b-Resident of Alaska yes","text":"<P>Either you or your spouse may file to end your marriage in Alaska as long as the filing spouse is a resident of the state. Generally, you are an Alaska resident for the purposes of filing for divorce or dissolution if you are in Alaska when you file and intend to stay as a resident. </P><DIV><BR/></DIV><DIV>If you don't live in Alaska and were married outside of Alaska, but your spouse is an Alaska resident, you can file in Alaska. </DIV>","learn":"What if I want to learn more about Alaska's residency requirements?  What if my spouse or I are in the military?","help":"<P>You can learn more about Alaska's residency requirements here: <A target=\"_blank\" data-cke-saved-href=\"http://www.courts.alaska.gov/shc/family/shcstart.htm#residency.\" href=\"http://www.courts.alaska.gov/shc/family/shcstart.htm#residency.\">http://www.courts.alaska.gov/shc/family/shcstart.htm#residency.</A></P><DIV><BR/></DIV><DIV>If you are involved with the military, there are different residency requirements. Learn more about them here: <A target=\"_blank\" data-cke-saved-href=\"http://www.courts.alaska.gov/shc/family/shcstart.htm#military.\" href=\"http://www.courts.alaska.gov/shc/family/shcstart.htm#military.\">http://www.courts.alaska.gov/shc/family/shcstart.htm#military.</A></DIV>","tags":[],"buttons":[{"id":"f1ccfaa1-f9eb-4f05-9ea4-0570aed06760","label":"Continue","destination":"1-Already filed"}],"fields":[]},{"componentId":"2c78c969-6cbc-4d02-a39f-4c340471bcf5","name":"3c-Resident of Alaska no","text":"<P>Either you or your spouse may file to end your marriage in Alaska as long as the filing spouse is a resident of the state. Generally, you are an Alaska resident for the purposes of filing for divorce or dissolution if you are in Alaska when you file and intend to stay as a resident. </P><DIV><BR/></DIV><DIV>Also, if you don't live in Alaska and were married outside of Alaska, but your spouse is an Alaska resident, you can file in Alaska. </DIV>","learn":"What if I want to learn more about Alaska's residency requirements?  What if my spouse or I are in the military?","help":"<DIV>You can learn more about Alaska's residency requirements here: <A target=\"_blank\" data-cke-saved-href=\"http://www.courts.alaska.gov/shc/family/shcstart.htm#residency.\" href=\"http://www.courts.alaska.gov/shc/family/shcstart.htm#residency.\">http://www.courts.alaska.gov/shc/family/shcstart.htm#residency.</A></DIV><DIV><BR/></DIV><DIV>If you are involved with the military, there are different residency requirements. Learn more about them here: <A target=\"_blank\" data-cke-saved-href=\"http://www.courts.alaska.gov/shc/family/shcstart.htm#military.\" href=\"http://www.courts.alaska.gov/shc/family/shcstart.htm#military.\">http://www.courts.alaska.gov/shc/family/shcstart.htm#military.</A></DIV>","tags":[],"buttons":[{"id":"09fcefb0-354e-4e9a-ab9c-24ac90815c23","label":"Continue","destination":"1-Assets or Debts?"}],"fields":[]},{"componentId":"66f43e85-9b6a-4d92-a651-9ed9f4d30bd6","name":"3d-Resident of Hawaii no","text":"<P>In order to get divorced in Hawaii, you must have lived in Hawaii for 6  months and on the same island for 3 months. Since you haven't yet lived in Hawaii for 6 months, you are not eligible to file for divorce at this time. When you finish this interview, more information will be included in your Personalized Plan. </P>","learn":"","help":"","tags":[],"buttons":[{"id":"f4ca759b-e438-41ba-89c1-ba14d68cda9d","label":"Continue","destination":"1-Assets or Debts?"}],"fields":[]},{"componentId":"cb642eb1-6e35-4770-9e0b-b13852b2439d","name":"6a-Lived on same island 3 mo no","text":"<P>In order to get divorced in Hawaii, you must have lived in Hawaii for 6 months and on the same island for 3 months. Since you haven't yet lived on the same island for 3 months, you're not eligible to file for divorce at this time. When you finish this interview, more information will be included in your Personalized Plan. </P>","learn":"","help":"","tags":[],"buttons":[{"id":"73412c8c-3ed5-45b8-a3c6-7b870a25f545","label":"Continue","destination":"1-Assets or Debts?"}],"fields":[]},{"componentId":"54f17687-0f08-4f3a-9a1c-50fb15f57cf8","name":"6-Lived on same island 3 mo?","text":"<P>Have you lived on the island you want to file on for at least 3 months? </P>","learn":"","help":"","tags":[],"buttons":[{"id":"0f7ee503-d2e4-4214-b6cc-44cf7210732e","label":"Yes","destination":"7-Wife pregnant Hawaii?"},{"id":"bb56b10a-db61-4a16-8006-ffb10225e7d4","label":"No","destination":"6a-Lived on same island 3 mo no"}],"fields":[]},{"componentId":"d6aa80df-e200-4be9-ad09-a74835bb4867","name":"Marital Assets and Debts Definition","text":"<P>Marital assets refer to property, including house(s), cash, stocks, bonds, cars, pensions, retirement accounts, insurance policies, etc. that were earned or received during the marriage. </P><DIV><BR/></DIV><DIV>Marital debt is money owed that was indebted during the marriage. </DIV>","learn":"","help":"","tags":[],"buttons":[],"fields":[]},{"componentId":"c604575e-da85-4488-a728-e0146a990513","name":"New page 2 2","text":"<P>My text</P>","learn":"","help":"","tags":[],"buttons":[{"id":"6b636812-8448-4b9f-a158-39a70cf91dce","label":"Continue","destination":""}],"fields":[]},{"componentId":"04a9a7ad-a88a-4338-b794-aa4f5ebbe5ad","name":"1-Assets or Debts?","text":"<P>Do you and your spouse have <A target=\"_blank\" data-cke-saved-href=\"POPUP://Marital Assets and Debts Definition\" href=\"POPUP://Marital Assets and Debts Definition\">marital assets or debt</A>? </P>","learn":"What if my spouse and I don't agree on how to divide the marital assets and debt? ","help":"<P>If you and your spouse don't agree on how to divide the marital assets and debt, the court will decide based on what is \"fair and equitable,\" by looking at many factors. </P><DIV><BR/></DIV><DIV>Usually the court will award each spouse what belonged to them before the marriage, unless the property changed to be considered marital.  </DIV><DIV><BR/></DIV><DIV>%%[Marital asset additional language AK TE]%%</DIV>","tags":[],"buttons":[{"id":"9fb49030-7c6d-4ece-9b68-cf566e656b17","label":"Yes","destination":"2-Temporary order needed?"},{"id":"8d5a23cb-baed-4bcc-9bbc-8a136dbb7532","label":"No","destination":"New page 2 2"}],"fields":[]},{"componentId":"13fdc2ec-21b2-42db-80e8-adb063bf515d","name":"2-Temporary order needed?","text":"<P>Do you need temporary orders in the meantime? </P>","learn":"What if we are not in agreement on certain key issues?","help":"<P>If you and your spouse are not in agreement on certain key issues such as custody or financial support, you may file a \"Motion and Affidavit for Pre-Decree Relief,\" which is used to request every type of available relief in a case where a divorce has not yet been granted.</P>","tags":[],"buttons":[{"id":"af2df2aa-e6a6-4ff4-99c1-52e26f7b539d","label":"Yes","destination":"3-Yes to Temporary Orders Needed"},{"id":"d2ac1745-1e6c-49a5-854b-c0f778646da8","label":"No","destination":"5-Explanation of Uncontested Divorce option"}],"fields":[]},{"componentId":"2ddee1b0-bf49-465a-8465-56bc42bbb2ae","name":"3-Yes to Temporary Orders Needed","text":"<P>You said that you need temporary orders related. When you finish the interview, additional information will be added to your Personalized Plan. </P>","learn":"","help":"<P><BR/></P>","tags":[],"buttons":[{"id":"94a482fd-65b9-4aa0-9698-7b45b5d46047","label":"Continue","destination":""}],"fields":[]},{"componentId":"0c6f86f2-09c3-4072-bb58-f057b17b46c5","name":"4-Emergency? (Alaska only)","text":"<P>Is there an emergency requiring a decision to be made ASAP (as soon as possible)?</P>","learn":"","help":"","tags":[],"buttons":[{"id":"ff7f4cbd-6b1f-4c0d-aa16-72151c2c574b","label":"Yes","destination":""},{"id":"10a439f1-8339-4ba2-862e-f2c078c98ffb","label":"No","destination":""}],"fields":[]},{"componentId":"a1f2dbcc-be14-4b79-a279-31fd2ad72a26","name":"5-Explanation of Uncontested Divorce option","text":"<P>Based on your answers, uncontested divorce may be an option for you and your spouse. When you finish the interview, more information on uncontested divorce will be included in your Personalized Plan. </P>","learn":"","help":"","tags":[],"buttons":[{"id":"4f99a0eb-ba21-4f35-b874-d0a4076272a5","label":"Continue","destination":"New page 2 2"}],"fields":[]},{"componentId":"b6748fae-ffa7-41f5-9989-b91617252ac2","name":"New page 2 2 2","text":"<P>My text</P>","learn":"","help":"","tags":[],"buttons":[{"id":"bd182c6a-5b40-42a0-bb04-f39b64170e29","label":"Continue","destination":""}],"fields":[]},{"componentId":"733e8f7f-f8dd-4586-a9b6-150ee88776bd","name":"New page 2 2 2 2","text":"<P>My text</P>","learn":"","help":"","tags":[],"buttons":[{"id":"d24015c0-1d39-453c-949c-c5a75ad1b21a","label":"Continue","destination":""}],"fields":[]},{"componentId":"afa0e103-b7f8-49a4-ae48-3096a9e32552","name":"1-Already filed","text":"<P>%%[Client first name TE]%% have either you or your spouse filed for divorce?</P>","learn":"","help":"","tags":[],"buttons":[{"id":"4ad46b71-b600-4265-87db-7bebd75650c6","label":"Yes","destination":"4-Stage of case"},{"id":"f5fb6250-53b5-4704-9e19-976556402941","label":"No. There is no case yet, but I want more information.","destination":"2-Have not filed yet"},{"id":"ef73510f-38f4-47b2-92ab-da4beaa8f021","label":"I don't know.","destination":"3-Don't know if filed"}],"fields":[]},{"componentId":"0efd6ca2-927b-46a1-a01c-ee169ec822c2","name":"2-Have not filed yet","text":"<P>You said neither you nor your spouse has filed for divorce yet, but that you wanted additional information. Additional information on filing for divorce will be provided for you in your Personalized Plan. </P>","learn":"","help":"","tags":[],"buttons":[{"id":"1aacdb13-64c3-4b59-b151-24ec8df4cffe","label":"Continue","destination":"1-Assets or Debts?"}],"fields":[]},{"componentId":"1671a832-394f-4e2f-a636-3e4f7b159fab","name":"3-Don't know if filed","text":"<P>You said you aren't sure if you or your spouse has already filed for divorce. Additional information will be provided to you in your Personalized Plan. </P>","learn":"","help":"","tags":[],"buttons":[{"id":"a66f0b2a-843a-4aeb-9210-f9d520f75c35","label":"Continue","destination":"1-Assets or Debts?"}],"fields":[]},{"componentId":"d5bc0400-ad8a-4780-a705-4e7e668907a3","name":"4-Stage of case","text":"<P>%%[Client first name TE]%%, you said that you or your spouse has already filed for divorce. What stage of the case are you in? </P>","learn":"","help":"","tags":[],"buttons":[{"id":"452c7bd2-eda7-4993-97f6-ba91028f0397","label":"Continue","destination":""}],"fields":[{"id":"fc1cac43-bc94-40d1-818d-1970f27daab7","type":"RadioButton","label":"<P>I filed the complaint to start the case.</P>","isRequired":true,"min":"","max":"","invalidPrompt":""},{"id":"2dd1ec4d-5912-40f3-bfd5-da00e416ff2f","type":"RadioButton","label":"<P>I received a complaint from the other side</P>","isRequired":true,"min":"","max":"","invalidPrompt":""},{"id":"15151e62-693e-41e8-828d-e27ba4f0eff3","type":"RadioButton","label":"<P>The case has been filed, but I need to judge to decide something temporarily before the final decision.</P>","isRequired":true,"min":"","max":"","invalidPrompt":""},{"id":"8642ea76-9a8c-4703-9225-aa6d6b7cdd11","type":"RadioButton","label":"<P>The case has been filed, but I want to respond to the other side's motion or request.</P>","isRequired":true,"min":"","max":"","invalidPrompt":""},{"id":"4300d8a6-0e6c-4487-ac78-31e2da371dbe","type":"RadioButton","label":"<P>The case has been filed, but I am waiting for a hearing on a motion or request.</P>","isRequired":true,"min":"","max":"","invalidPrompt":""},{"id":"d89bd294-1519-4aa5-ab9c-0e5b5a01310a","type":"RadioButton","label":"<P>The case has been filed, but I am waiting for trial.</P>","isRequired":true,"min":"","max":"","invalidPrompt":""},{"id":"445e9f11-8ce8-4039-8ea1-d5c472e6859e","type":"RadioButton","label":"<P>The case has been filed, but I am waiting for the judge's decision.</P>","isRequired":true,"min":"","max":"","invalidPrompt":""},{"id":"39b512a9-6e63-4111-9c20-9d3d97a0ef80","type":"RadioButton","label":"<P>A final decision has been handed down, but I want to change it.</P>","isRequired":true,"min":"","max":"","invalidPrompt":""}]},{"componentId":"146543c7-44dc-403b-a00c-47cd9da2c7dc","name":"5-Filed complaint, did you serve spouse?","text":"<P>You said that you filed a complaint to start the case. Have you served your spouse?</P>","learn":"What is service?","help":"<P>As part of the divorce, your spouse must be properly given a copy of the divorce forms you filed at court so that they know you are starting the divorce process. This is called \"serving your spouse.\" </P>","tags":[],"buttons":[{"id":"5ee3ff2c-3f77-49ad-a807-daeb4acd5cef","label":"Yes","destination":""},{"id":"8390da3c-810e-4706-a4d7-f333baf6eabf","label":"No","destination":"6-Did not serve spouse"}],"fields":[]},{"componentId":"fccec195-a636-4740-96e5-073e09454a7d","name":"6-Did not serve spouse","text":"<P>Proper service is required at the beginning of every divorce action because:</P><DIV><BLOCKQUOTE><DIV>1. it tells your spouse what is going on, and</DIV><DIV>2. it gives your spouse a change to respond to the court papers. </DIV></BLOCKQUOTE></DIV>","learn":"","help":"","tags":[],"buttons":[{"id":"69cdc2e6-83ad-45d2-9142-c947222fdb36","label":"Continue","destination":"7-Service explanation continued"}],"fields":[]},{"componentId":"4c1eb811-4cdd-446a-b457-ebb72e9f7d0c","name":"7-Service explanation continued","text":"<P>Does your spouse live in the same state as you? </P>","learn":"","help":"","tags":[],"buttons":[{"id":"a33c3ceb-80c2-4b7c-ae88-18a348d8c069","label":"Yes","destination":"8-Spouse in same state yes"},{"id":"1fd47707-2619-41d8-b5d6-ac1a7e6349ef","label":"No","destination":"9-Know where spouse is?"}],"fields":[]},{"componentId":"35345798-22be-4cf3-89ea-2d392daa6d82","name":"8-Spouse in same state yes","text":"<P>You said your spouse lives in the same state as you. When you finish this interview, I'll include additional information about serving your spouse in your Personalized Plan. </P>","learn":"","help":"","tags":[],"buttons":[{"id":"357c375c-a547-47a2-bf2b-8423c1b6331f","label":"Continue","destination":"1-Assets or Debts?"}],"fields":[]},{"componentId":"ac809a02-0035-4092-8085-5cfce7b40467","name":"9-Know where spouse is?","text":"<P>Do you know where your spouse is?</P>","learn":"","help":"<P><BR/></P>","tags":[],"buttons":[{"id":"32eb805d-904a-4b35-99c4-a704771a39b2","label":"Yes","destination":"10-Service by mail"},{"id":"3632ebdf-a4b8-461e-bedd-8cf11fca447e","label":"No","destination":"11-Service by publication"}],"fields":[]},{"componentId":"d08fbe67-4036-4997-857a-5c40f7002473","name":"10-Service by mail","text":"<P>%%[Service by mail wording TE]%%</P>","learn":"","help":"","tags":[],"buttons":[{"id":"2f6ade69-997b-4cc3-ba52-11842c1e76ba","label":"Continue","destination":"1-Assets or Debts?"}],"fields":[]},{"componentId":"17d4da1e-1899-441b-8bb9-0d7ed7c14720","name":"11-Service by publication","text":"<P>You said you don't know where your spouse is. In this situation you can use Service by Publication or Service by Mail in Lieu of Publication. When you finish this interview, I'll include more information about this in your Personalized Plan. </P>","learn":"","help":"","tags":[],"buttons":[{"id":"089f882e-f5ac-468c-a9ba-faa23d607ef6","label":"Continue","destination":"1-Assets or Debts?"}],"fields":[]},{"componentId":"4daa3c5d-abe6-404d-95d0-73b087735b57","name":"12-Other side filed answer?","text":"<P>Has the other side filed an Answer?</P>","learn":"What is an Answer?","help":"<P>An Answer is a written response that your spouse writes and filed with the court, telling the court what they agree or disagree with in the Complaint for Divorce and what they want from the divorce. </P>","tags":[],"buttons":[{"id":"3e30754c-bffa-4706-b4c8-8c784ab81c78","label":"Yes","destination":"15-All in agreement?"},{"id":"1c6f1677-49ff-4709-9540-bfb9672af853","label":"No","destination":"13-No Answer Filed"}],"fields":[]},{"componentId":"34424b36-1b47-4d9a-b6cf-a98999df3738","name":"13-No Answer Filed","text":"<P>You said your spouse hasn't filed an Answer yet. Has 20 days passed since the other side was served with the complaint? </P>","learn":"","help":"","tags":[],"buttons":[{"id":"458f2449-419a-4195-921d-afb738b32330","label":"Yes","destination":"1-Assets or Debts?"},{"id":"a60395f2-b5bc-4207-8bfc-0a6560ed2e8d","label":"No","destination":"14-20 days hasn't passed."}],"fields":[]},{"componentId":"885ee1f3-e1a5-4563-b1f4-d8292602106b","name":"14-20 days hasn't passed.","text":"<P>You said your spouse hasn't filed an Answer and 20 days has not passed since you served your spouse with the Complaint for Divorce. When you finish this interview, I'll give you more information in your Personalized Plan. </P>","learn":"","help":"","tags":[],"buttons":[{"id":"f5fbedd9-c0d5-4433-96da-1e331dc1fe2a","label":"Continue","destination":"1-Assets or Debts?"}],"fields":[]},{"componentId":"cee8a347-e1b1-42b1-b7cd-7307c19a760d","name":"15-All in agreement?","text":"<P>Are you and your spouse in agreement about the terms of the divorce (division of <A target=\"_blank\" data-cke-saved-href=\"POPUP://Marital Assets and Debts Definition\" href=\"POPUP://Marital Assets and Debts Definition\">marital assets and debts</A>, financial support, etc?)</P>","learn":"","help":"","tags":[],"buttons":[{"id":"1cd43000-7cd5-4639-ad37-71539b4d9d30","label":"Yes, on all issues","destination":"16-Agreement on all issues"},{"id":"d1a930fc-d26e-4c23-b59d-8d296925a154","label":"Yes, on some issues","destination":""},{"id":"36e067f4-f222-4032-874f-7b6fd1795e4b","label":"No or I don't know","destination":""}],"fields":[]},{"componentId":"8d5fa170-2484-4496-bdc3-10283243f19f","name":"16-Agreement on all issues","text":"<P>You said that you and your spouse agree on all the terms/issues in the divorce. </P><DIV>%%[Uncontested divorce info TE]%%</DIV>","learn":"","help":"","tags":[],"buttons":[{"id":"25420f2c-b260-4755-98e2-45f651fd055e","label":"Continue","destination":""}],"fields":[]},{"componentId":"08c15094-07da-418f-80cb-5edd7b7c54ef","name":"17- Agreement on some issues","text":"<P>Do you feel like you can communicate safely with our spouse about issues involved with the divorce?</P>","learn":"","help":"","tags":[],"buttons":[{"id":"65533b06-4752-4e1e-b1e9-02106ce7fe91","label":"Yes","destination":"18-Mediator?"},{"id":"fae5678c-e30b-4f5f-bd5d-dfe905abbf80","label":"No","destination":"20-DV referral"}],"fields":[]},{"componentId":"2c1f842f-ead3-4f06-9b13-95dfaba10769","name":"18-Mediator?","text":"<P>Have you and your spouse talked with a professional or other third party to help reach an agreement?</P>","learn":"What are some methods available for reaching an agreement?","help":"<P>There are many methods available to reach an agreement. Mediation and collaborative divorce are often very useful alternatives to solving marital conflicts. </P>","tags":[],"buttons":[{"id":"a6e406d6-eb1b-4872-a73f-1f186e8eb216","label":"Continue","destination":""}],"fields":[]},{"componentId":"c4e868e9-84e8-425b-baca-bdf0b7ac82af","name":"19- Talked to mediator/third party already","text":"<P>If you are still not able to come to an agreement through mediation or other methods, you may want to consider hiring a private attorney or contacting a legal services organization for further assistance. When you finish the interview, I'll add more information about this to your Personalized Plan. </P>","learn":"","help":"<P><BR/></P>","tags":[],"buttons":[{"id":"81ad6053-09d7-4e4f-8adc-c141f5c121cc","label":"Continue","destination":"1-Assets or Debts?"}],"fields":[]},{"componentId":"9c4ff359-7e34-43a7-98b4-61fe57efcd12","name":"20-DV referral","text":"<P>You have said you don't feel safe discussing the remaining unresolved issues with your spouse. When you are finished with this interview, I will add information to your Personalized Plan with DV specific legal/social services organizations and referrals to attorneys that can represent survivors ((WORDING FROM MINDMEISTER-- NO actual info on referrals/additional info))</P>","learn":"","help":"","tags":[],"buttons":[{"id":"153ad2ab-6db8-4541-a036-d8a2f3c09249","label":"Continue","destination":"1-Assets or Debts?"}],"fields":[]},{"componentId":"ebd05e94-3328-4679-ada9-02dcd6babc6a","name":"21- Haven't talked to mediator yet","text":"<P>It would be a good idea to set up an appointment with a professional mediator who can help you reach an agreement. When you finish this interview, I'll add additional information that will help you find a mediator. </P>","learn":"","help":"","tags":[],"buttons":[{"id":"b643e195-d3af-44c3-831c-ed85947d21a9","label":"Continue","destination":"1-Assets or Debts?"}],"fields":[]},{"componentId":"b51315ac-faa2-4aae-a9b5-50f932c631bc","name":"22-Don't agree on issues or don't know","text":"<P>Do you want to try to reach an agreement with the help of a third party?</P>","learn":"","help":"","tags":[],"buttons":[{"id":"009a9e6e-9826-4105-b48e-308fced5c460","label":"Yes","destination":"17- Agreement on some issues"},{"id":"eff10e08-65d6-4860-9f0e-115837dfb143","label":"No","destination":"1-Already filed"}],"fields":[]},{"componentId":"515ad39e-7b3e-4134-b99f-6736222d17ae","name":"23-Received a complaint from the other side","text":"<P>You said that you have received a complaint for the other side. Have you filed an Answer to the Complaint within 20 days of being served with it? </P>","learn":"What is an Answer?","help":"<P>An Answer is a written response that you write and file with the court stating what you agree and disagree with in the Complaint and what you want from the divorce. </P>","tags":[],"buttons":[{"id":"1d6d227d-4736-4c18-a0a7-f400e6c7f0c5","label":"Yes","destination":""},{"id":"df35b8b5-a19d-48b6-9780-0fd362e86030","label":"No","destination":""}],"fields":[]},{"componentId":"a8c2922b-38f6-44cb-8468-054aa1e01946","name":"24- Already filed answer","text":"<P>Are you in agreement on all issues? </P>","learn":"","help":"","tags":[],"buttons":[{"id":"bd7ce1e6-7d25-4759-85b3-8913bd87fc5f","label":"Yes","destination":"25-In agreement"},{"id":"95da9b7f-67b8-4d0e-a76b-945e6ce2ddec","label":"No","destination":"26- Not in agreement"}],"fields":[]},{"componentId":"ee66c9e5-d4b6-4e55-93cc-56b5e72d55d1","name":"25-In agreement","text":"<P>You said you were in agreement on all issues. The divorce will likely proceed as an uncontested case, meaning you and your spouse are in agreement on all issues of the divorce.  When you finish this interview, I'll add additional information to your Personalized Plan about this. </P>","learn":"","help":"","tags":[],"buttons":[{"id":"7b63f1a0-2d26-4333-a066-a1e1ffd02734","label":"Continue","destination":"1-Assets or Debts?"}],"fields":[]},{"componentId":"810168f1-9cb6-476f-94a0-d1488b8003ff","name":"26- Not in agreement","text":"<P>You said that you and your spouse are not in agreement on all issues. When you are finished with this interview, I will include additional information about professional mediation in your Personalized Plan. </P>","learn":"","help":"","tags":[],"buttons":[{"id":"a9e4ac62-8051-452c-8b7b-0a4e712c7687","label":"Continue","destination":"27-Need temporary orders?"}],"fields":[]},{"componentId":"07709c8d-0d24-486c-b425-7bbcd668bf45","name":"27-Need temporary orders?","text":"<P>Do you need temporary orders in the meantime? </P>","learn":"","help":"","tags":[],"buttons":[{"id":"0f09acdf-c78b-4b3c-b628-32fc7f5878ba","label":"Yes","destination":"2-Temporary order needed?"},{"id":"5f5ef07c-4793-4d52-9993-5e3bf2a92856","label":"No","destination":"1-Assets or Debts?"}],"fields":[]},{"componentId":"ce3e25a3-c5cc-4344-be9b-dc46d8b5b9c6","name":"28-Did not file answer","text":"<P>If you don't file an answer within 20 days, the other side can ask the court for a default judgment based only on the information provided in the complaint. If the other side hasn't filed for a default judgment, you can file an answer so the judge can consider what you think about the issues raised on the complaint and so you can tell the judge what you want to happen. If the court has already entered a default judgment against you, you can ask for it to be set aside. </P>","learn":"","help":"","tags":[],"buttons":[{"id":"aa517e5b-de3e-4dce-bf4e-6c982490c69c","label":"Continue","destination":""}],"fields":[]}],"_rid":"ap9UAOn3rUMDAAAAAAAAAA==","_self":"dbs/ap9UAA==/colls/ap9UAOn3rUM=/docs/ap9UAOn3rUMDAAAAAAAAAA==/","_etag":"\"af0038c1-0000-0000-0000-5b6499f80000\"","_attachments":"attachments/","_ts":1533319672}
,{"id":"9a6a6131-657d-467d-b09b-c570b7dad242","components":[{"componentId":"0173c6ca-2ba7-4d1d-94f5-7e3fec1f9dfc","name":"1-Introduction","text":"This is the introduction. This A2J Guided Interview was created as part of a sample exercise. It is not intended for use by the general public.","learn":"","help":"","tags":[],"buttons":[{"id":"f3a1e369-edba-4152-bbc7-a52e8e77b56e","label":"Continue","destination":"1-Name","stepTitle":"Make sure your summons is real","stepDescription":"Why you should do this dolor sit amet, consectetur adipiscing elit. Aenean euismod bibendum laoreet. Proin gravida dolor sit amet lacus accumsan et viverra justo commodo.    Call the court at 1-555-555-5555  If the summons is real prepare for your court date. Set up a reminder for your court date. Watch a video on how to approach this conversation:","resourceIds":["77d301e7-6df2-612e-4704-c04edf271806"],"topicIds":["addf41e9-1a27-4aeb-bcbb-7959f95094ba"]}],"fields":[]},{"componentId":"4adec03b-4f9b-4bc9-bc44-27a8e84e30ae","name":"1-Name","text":"Enter your name.","learn":"","help":"","tags":[],"buttons":[{"id":"2b92e07b-a555-48e8-ad7b-90b99ebc5c96","label":"Continue","destination":"3-Address","stepTitle":"Make sure your summons is real","stepDescription":"Why you should do this dolor sit amet, consectetur adipiscing elit. Aenean euismod bibendum laoreet. Proin gravida dolor sit amet lacus accumsan et viverra justo commodo.    Call the court at 1-555-555-5555  If the summons is real prepare for your court date. Set up a reminder for your court date. Watch a video on how to approach this conversation:","resourceIds":["752e3734-b9c2-4c86-bf9d-329e7d7ee820"],"topicIds":["932abb0a-c6bb-46da-a3d8-5f52c2c914a0"]}],"fields":[{"id":"22cbf2ac-a8d3-48c5-b230-297111e0e85c","type":"text","label":"First:","isRequired":true,"min":"","max":"","invalidPrompt":"You must type a response in the highlighted space before you can continue."},{"id":"6c8312eb-131d-4cfb-a542-0e3f6d07a1d3","type":"text","label":"Middle:","isRequired":false,"min":"","max":"","invalidPrompt":"You must type a response in the highlighted space before you can continue."},{"id":"d2a935b4-bb07-494f-9c59-f3115b19d002","type":"text","label":"Last:","isRequired":true,"min":"","max":"","invalidPrompt":"You must type a response in the highlighted space before you can continue."}]},{"componentId":"1ba7a445-7a2b-4d7b-b043-296bffef402a","name":"3-Address","text":"What is your address?","learn":"","help":"","tags":[],"buttons":[{"id":"cafc4de0-91c5-4f67-a59f-bbffc2534236","label":"Continue","destination":"4-Phone number"}],"fields":[{"id":"78da510a-180c-4757-b75d-fd87f470ae76","type":"text","label":"Street","isRequired":false,"min":"","max":"","invalidPrompt":"","resourceIds":["752e3734-b9c2-4c86-bf9d-329e7d7ee820"],"topicIds":["932abb0a-c6bb-46da-a3d8-5f52c2c914a0"]},{"id":"6a81a78e-7692-4256-88d6-651dc4e9ce0f","type":"text","label":"City","isRequired":false,"min":"","max":"","invalidPrompt":""},{"id":"3a6180c3-d42c-400d-a2a7-d9b556a454af","type":"textpick","label":"State","isRequired":false,"min":"","max":"","invalidPrompt":""},{"id":"9471103f-7868-47fd-b1ab-581cc3934493","type":"numberzip","label":"Zip code","isRequired":false,"min":"","max":"","invalidPrompt":""}]},{"componentId":"3f2e2cdd-006e-4f4c-b0bf-32cea08f8e90","name":"4-Phone number","text":"What is your phone number?","learn":"","help":"","tags":[],"buttons":[{"id":"aa3777d0-e7dd-48dd-afb3-6d61fc172768","label":"Continue","destination":"1-Marital Status"}],"fields":[{"id":"d63e24a3-4a4d-4fec-a1aa-9c72b2fcab5e","type":"numberphone","label":"Phone number","isRequired":false,"min":"","max":"","invalidPrompt":""}]},{"componentId":"73464e7e-5c8a-4d96-9a0e-6f1f28592eb9","name":"1-Marital Status","text":"What is your marital status?","learn":"","help":"","tags":[],"buttons":[{"id":"5846cabb-1826-47bc-b2cd-6168f78fc4f2","label":"Continue","destination":"1-Purpose of form"}],"fields":[{"id":"0bc5ccb7-e1d2-40b6-b20c-4fbd6cb85de9","type":"radio","label":"Married","isRequired":false,"min":"","max":"","invalidPrompt":""},{"id":"93d7a9f7-a33e-4587-a04e-e57638b77e73","type":"radio","label":"Single","isRequired":false,"min":"","max":"","invalidPrompt":""},{"id":"1d292f71-312e-4308-b22b-cad39cc7e9be","type":"radio","label":"Divorced","isRequired":false,"min":"","max":"","invalidPrompt":""},{"id":"289d456e-698b-431d-b0ec-4e82d9d110a4","type":"radio","label":"Widowed","isRequired":false,"min":"","max":"","invalidPrompt":""}]},{"componentId":"ff6fb136-1d62-4330-a82e-242e592d9d59","name":"1-Purpose of form","text":"Why are you filling out this form?","learn":"","help":"","tags":[],"buttons":[{"id":"98613482-53ad-458f-988c-5b473358c7bf","label":"Continue","destination":"1-The End","stepTitle":"Submit a complaint for custody form","stepDescription":"Why you should do this dolor sit amet, consectetur adipiscing elit. Aenean euismod bibendum laoreet. Proin gravida dolor sit amet lacus accumsan et viverra justo commodo. Proin sodales pulvinar sic tempor.","resourceIds":["77d301e7-6df2-612e-4704-c04edf271806"],"topicIds":["addf41e9-1a27-4aeb-bcbb-7959f95094ba"]}],"fields":[{"id":"cfd6fd1d-2974-43ef-8e3c-6fb0e9a0d8cf","type":"textlong","label":"","isRequired":false,"min":"","max":"","invalidPrompt":""}]}],"_rid":"ap9UAOn3rUMEAAAAAAAAAA==","_self":"dbs/ap9UAA==/colls/ap9UAOn3rUM=/docs/ap9UAOn3rUMEAAAAAAAAAA==/","_etag":"\"af00cbec-0000-0000-0000-5b66b0890000\"","_attachments":"attachments/","_ts":1533456521}
]