﻿[{"id":"19a02209-ca38-4b74-bd67-6ea941d41518","name":"Alaska Law Help","type":"Civil Legal Services","description":"AlaskaLawHelp is a guide to civil legal services and resources for low-income persons and seniors in Alaska.  This site provides information on various free and low-cost legal programs in Alaska, including basic eligibility and contact information.  Here you can find links to web sites offering helpful information, schedules of free self-help clinics, forms, and legal education documents that give you basic information on a number of legal problems.","resourceType":"Organizations","url":"https://alaskalawhelp.org/","topicTags":[{"id":"e1fdbbc6-d66a-4275-9cd2-2be84d303e12"},{"id":"d1d5f7a0-f1fa-464f-8da6-c2e7ce1501ef"},{"id":"bdc07e7a-1f06-4517-88d8-9345bb87c3cf"},{"id":"567d4bb8-a228-4281-b7af-8acc61b89754"},{"id":"9c9a59cc-34ac-4a6f-80c4-90ac041abba7"},{"id":"1d7fc811-dabe-4468-a179-c55075bd22b6"}],"location":[{"state":"Hawaii","city":"Kalawao","zipCode":"96761"},{"state":"Hawaii","city":"Honolulu","zipCode":"96741"},{"state":"Alaska","city":"Juneau","zipCode":"96815"},{"state":"Alaska","city":"Anchorage","zipCode":"99507"}],"icon":"./assets/images/resources/resource.png","address":"1031 W. 4th Avenue Anchorage, AK 99501","telephone":"907-279-2457","overview":"This site is a service that is made possible through the generosity of the Legal Services Corporation and is supported by a number of partner organizations throughout Alaska.  The web site was created by Pro Bono Net and is maintained by staff at Alaska Legal Services Corporation.","eligibilityInformation":"Helping low-income individuals solve legal problems","reviewedByCommunityMember":"AlaskaLawHelp is provided as a public service. Your feedback will help us to improve this site. If you are having difficulty using the website, or if you have suggestions on changes you would like to see (the look, functionality, or the information provided) please let us know.","reviewerFullName":"John Smith","reviewerTitle":"Good Alaskan grandpa","reviewerImage":"","createdBy":"","createdTimeStamp":"","modifiedBy":"","modifiedTimeStamp":"2018-04-01T04:18:00Z","_rid":"ap9UALRBtjUBAAAAAAAAAA==","_self":"dbs/ap9UAA==/colls/ap9UALRBtjU=/docs/ap9UALRBtjUBAAAAAAAAAA==/","_etag":"\"00007972-0000-0000-0000-5b64e0710000\"","_attachments":"attachments/","_ts":1533337713}
,{"id":"9ca4cf73-f6c0-4f63-a1e8-2a3774961df5","name":"Alaska Legal Services - Bristol Bay Office","type":"Civil Legal Services","description":"AlaskaLawHelp is a guide to civil legal services and resources for low-income persons and seniors in Alaska.  This site provides information on various free and low-cost legal programs in Alaska, including basic eligibility and contact information.  Here you can find links to web sites offering helpful information, schedules of free self-help clinics, forms, and legal education documents that give you basic information on a number of legal problems.","resourceType":"Organizations","url":"https://alaskalawhelp.org/","topicTags":[{"id":"d1d5f7a0-f1fa-464f-8da6-c2e7ce1501ef"},{"id":"567d4bb8-a228-4281-b7af-8acc61b89754"},{"id":"bdc07e7a-1f06-4517-88d8-9345bb87c3cf"},{"id":"9c9a59cc-34ac-4a6f-80c4-90ac041abba7"},{"id":"9c9a59cc-34ac-4a6f-80c4-90ac041abba7"}],"location":[{"state":"Hawaii","city":"Kalawao","zipCode":"96761"},{"state":"Hawaii","city":"Honolulu","zipCode":"96741"},{"state":"Alaska","city":"Juneau","zipCode":"96815"},{"state":"Alaska","city":"Anchorage","zipCode":"99507"}],"icon":"./assets/images/resources/resource.png","address":"1031 W. 4th Avenue Anchorage, AK 99501","telephone":"907-279-2457","overview":"This site is a service that is made possible through the generosity of the Legal Services Corporation and is supported by a number of partner organizations throughout Alaska.  The web site was created by Pro Bono Net and is maintained by staff at Alaska Legal Services Corporation.","eligibilityInformation":"Helping low-income individuals solve legal problems","reviewedByCommunityMember":"AlaskaLawHelp is provided as a public service. Your feedback will help us to improve this site. If you are having difficulty using the website, or if you have suggestions on changes you would like to see (the look, functionality, or the information provided) please let us know.","reviewerFullName":"John Smith","reviewerTitle":"Good Alaskan grandpa","reviewerImage":"","createdBy":"","createdTimeStamp":"","modifiedBy":"","modifiedTimeStamp":"2018-04-01T04:18:00Z","_rid":"ap9UALRBtjUCAAAAAAAAAA==","_self":"dbs/ap9UAA==/colls/ap9UALRBtjU=/docs/ap9UALRBtjUCAAAAAAAAAA==/","_etag":"\"00007b72-0000-0000-0000-5b64e0770000\"","_attachments":"attachments/","_ts":1533337719}
,{"id":"49779468-1fe0-4183-850b-ff365e05893e","name":"Alaska Native Justice Center","type":"Civil Legal Services","description":"AlaskaLawHelp is a guide to civil legal services and resources for low-income persons and seniors in Alaska.  This site provides information on various free and low-cost legal programs in Alaska, including basic eligibility and contact information.  Here you can find links to web sites offering helpful information, schedules of free self-help clinics, forms, and legal education documents that give you basic information on a number of legal problems.","resourceType":"Organizations","url":"https://alaskalawhelp.org/","topicTags":[{"id":"d1d5f7a0-f1fa-464f-8da6-c2e7ce1501ef"},{"id":"567d4bb8-a228-4281-b7af-8acc61b89754"},{"id":"1d7fc811-dabe-4468-a179-c55075bd22b6"},{"id":"e1fdbbc6-d66a-4275-9cd2-2be84d303e12"}],"location":[{"state":"Hawaii","city":"Kalawao","zipCode":"96761"},{"state":"Hawaii","city":"Honolulu","zipCode":"96741"},{"state":"Alaska","city":"Juneau","zipCode":"96815"},{"state":"Alaska","city":"Anchorage","zipCode":"99507"}],"icon":"./assets/images/resources/resource.png","address":"1031 W. 4th Avenue Anchorage, AK 99501","telephone":"907-279-2457","overview":"This site is a service that is made possible through the generosity of the Legal Services Corporation and is supported by a number of partner organizations throughout Alaska.  The web site was created by Pro Bono Net and is maintained by staff at Alaska Legal Services Corporation.","eligibilityInformation":"Helping low-income individuals solve legal problems","reviewedByCommunityMember":"AlaskaLawHelp is provided as a public service. Your feedback will help us to improve this site. If you are having difficulty using the website, or if you have suggestions on changes you would like to see (the look, functionality, or the information provided) please let us know.","reviewerFullName":"John Smith","reviewerTitle":"Good Alaskan grandpa","reviewerImage":"","createdBy":"","createdTimeStamp":"","modifiedBy":"","modifiedTimeStamp":"2018-04-01T04:18:00Z","_rid":"ap9UALRBtjUDAAAAAAAAAA==","_self":"dbs/ap9UAA==/colls/ap9UALRBtjU=/docs/ap9UALRBtjUDAAAAAAAAAA==/","_etag":"\"00007e72-0000-0000-0000-5b64e07e0000\"","_attachments":"attachments/","_ts":1533337726}
,{"id":"7b7cfce0-44d5-4643-96a0-c8d46d2e2f68","name":"Alaska Network on Domestic Violence and Sexual Assualt Pro Bono Program","type":"Civil Legal Services","description":"AlaskaLawHelp is a guide to civil legal services and resources for low-income persons and seniors in Alaska.  This site provides information on various free and low-cost legal programs in Alaska, including basic eligibility and contact information.  Here you can find links to web sites offering helpful information, schedules of free self-help clinics, forms, and legal education documents that give you basic information on a number of legal problems.","resourceType":"Organizations","url":"https://alaskalawhelp.org/","topicTags":[{"id":"567d4bb8-a228-4281-b7af-8acc61b89754"},{"id":"e1fdbbc6-d66a-4275-9cd2-2be84d303e12"}],"location":[{"state":"Hawaii","city":"Kalawao","zipCode":"96761"},{"state":"Hawaii","city":"Honolulu","zipCode":"96741"},{"state":"Alaska","city":"Juneau","zipCode":"96815"},{"state":"Alaska","city":"Anchorage","zipCode":"99507"}],"icon":"./assets/images/resources/resource.png","address":"1031 W. 4th Avenue Anchorage, AK 99501","telephone":"907-279-2457","overview":"This site is a service that is made possible through the generosity of the Legal Services Corporation and is supported by a number of partner organizations throughout Alaska.  The web site was created by Pro Bono Net and is maintained by staff at Alaska Legal Services Corporation.","eligibilityInformation":"Helping low-income individuals solve legal problems","reviewedByCommunityMember":"AlaskaLawHelp is provided as a public service. Your feedback will help us to improve this site. If you are having difficulty using the website, or if you have suggestions on changes you would like to see (the look, functionality, or the information provided) please let us know.","reviewerFullName":"John Smith","reviewerTitle":"Good Alaskan grandpa","reviewerImage":"","createdBy":"","createdTimeStamp":"","modifiedBy":"","modifiedTimeStamp":"2018-04-01T04:18:00Z","_rid":"ap9UALRBtjUEAAAAAAAAAA==","_self":"dbs/ap9UAA==/colls/ap9UALRBtjU=/docs/ap9UALRBtjUEAAAAAAAAAA==/","_etag":"\"00008272-0000-0000-0000-5b64e0850000\"","_attachments":"attachments/","_ts":1533337733}
,{"id":"afbb8dc1-f721-485f-ab92-1bab60137e24","name":"Cook Inlet Tribal Council Inc./Family Services Department","type":"Interim Housing Assistance","description":"Funding provided by Cook Inlet Housing Authority, Inc.","resourceType":"Organizations","url":"https://citci.org/child-family/","topicTags":[{"id":"62a93f03-8234-46f1-9c35-b3146a96ca8b"},{"id":"1370ccb7-3f0a-4b0f-920e-2d12660fafa7"},{"id":"363909be-bb87-4dba-9743-7f3849f0b80d"},{"id":"d901286b-afe1-4df3-9f81-1f29b977b493"},{"id":"6d7dd07a-c454-4b67-b2d8-ed844dadabd9"}],"location":[{"state":"Hawaii","city":"Kalawao","zipCode":"96761"},{"state":"Hawaii","city":"Honolulu","zipCode":"96741"},{"state":"Alaska","city":"Juneau","zipCode":"96815"},{"state":"Alaska","city":"Anchorage","zipCode":"99507"}],"icon":"./assets/images/resources/resource.png","address":"3600 San Jeronimo Drive Anchorage, Alaska 99508","telephone":"907-793-3600","overview":"CITC offers a wide variety of programs and services to support individuals in their journey towards achieving their endless potential. Our Nat’uh Service Center—our “special place”—brings together resources, programs and nonprofit partners dedicated to serving Alaska Native and American Indian people, and our greater community.","eligibilityInformation":"helping Alaska Native and American Indian people residing in the Cook Inlet Region of southcentral Alaska reach their full potential.","reviewedByCommunityMember":"CITC collaborates with the eight federally recognized tribes within Cook Inlet region to strengthen program and social services capacity for the region’s tribal communities. The CITC Board of Directors includes a representative from each of the tribes within Cook Inlet region and nine Cook Inlet Region, Inc. representatives.","reviewerFullName":"John Smith","reviewerTitle":"Tribal Leader","reviewerImage":"","createdBy":"","createdTimeStamp":"","modifiedBy":"","modifiedTimeStamp":"2018-04-01T04:18:00Z","_rid":"ap9UALRBtjUFAAAAAAAAAA==","_self":"dbs/ap9UAA==/colls/ap9UALRBtjU=/docs/ap9UALRBtjUFAAAAAAAAAA==/","_etag":"\"00008972-0000-0000-0000-5b64e08c0000\"","_attachments":"attachments/","_ts":1533337740}
,{"id":"dde9fe6f-24e4-45d1-a8d8-f59a0430e6a0","name":"Alaska Native Heritage Center","type":"Interim Housing Assistance","description":"Funding provided by Cook Inlet Housing Authority, Inc.","resourceType":"Organizations","url":"https://citci.org/child-family/","topicTags":[{"id":"62a93f03-8234-46f1-9c35-b3146a96ca8b"},{"id":"1370ccb7-3f0a-4b0f-920e-2d12660fafa7"},{"id":"363909be-bb87-4dba-9743-7f3849f0b80d"}],"location":[{"state":"Hawaii","city":"Kalawao","zipCode":"96761"},{"state":"Hawaii","city":"Honolulu","zipCode":"96741"},{"state":"Alaska","city":"Juneau","zipCode":"96815"},{"state":"Alaska","city":"Anchorage","zipCode":"99507"}],"icon":"./assets/images/resources/resource.png","address":"3600 San Jeronimo Drive Anchorage, Alaska 99508","telephone":"907-793-3600","overview":"CITC offers a wide variety of programs and services to support individuals in their journey towards achieving their endless potential. Our Nat’uh Service Center—our “special place”—brings together resources, programs and nonprofit partners dedicated to serving Alaska Native and American Indian people, and our greater community.","eligibilityInformation":"helping Alaska Native and American Indian people residing in the Cook Inlet Region of southcentral Alaska reach their full potential.","reviewedByCommunityMember":"CITC collaborates with the eight federally recognized tribes within Cook Inlet region to strengthen program and social services capacity for the region’s tribal communities. The CITC Board of Directors includes a representative from each of the tribes within Cook Inlet region and nine Cook Inlet Region, Inc. representatives.","reviewerFullName":"John Smith","reviewerTitle":"Tribal Leader","reviewerImage":"","createdBy":"","createdTimeStamp":"","modifiedBy":"","modifiedTimeStamp":"2018-04-01T04:18:00Z","_rid":"ap9UALRBtjUGAAAAAAAAAA==","_self":"dbs/ap9UAA==/colls/ap9UALRBtjU=/docs/ap9UALRBtjUGAAAAAAAAAA==/","_etag":"\"00008e72-0000-0000-0000-5b64e0920000\"","_attachments":"attachments/","_ts":1533337746}
,{"id":"ca83b05a-6622-4f5d-af56-47f8ed063016","name":"Koahnic Broadcast Corp.","type":"Interim Housing Assistance","description":"Funding provided by Cook Inlet Housing Authority, Inc.","resourceType":"Organizations","url":"https://citci.org/child-family/","topicTags":[{"id":"62a93f03-8234-46f1-9c35-b3146a96ca8b"},{"id":"d901286b-afe1-4df3-9f81-1f29b977b493"},{"id":"6d7dd07a-c454-4b67-b2d8-ed844dadabd9"}],"location":[{"state":"Hawaii","city":"Kalawao","zipCode":"96761"},{"state":"Hawaii","city":"Honolulu","zipCode":"96741"},{"state":"Alaska","city":"Juneau","zipCode":"96815"},{"state":"Alaska","city":"Anchorage","zipCode":"99507"}],"icon":"./assets/images/resources/resource.png","address":"3600 San Jeronimo Drive Anchorage, Alaska 99508","telephone":"907-793-3600","overview":"CITC offers a wide variety of programs and services to support individuals in their journey towards achieving their endless potential. Our Nat’uh Service Center—our “special place”—brings together resources, programs and nonprofit partners dedicated to serving Alaska Native and American Indian people, and our greater community.","eligibilityInformation":"helping Alaska Native and American Indian people residing in the Cook Inlet Region of southcentral Alaska reach their full potential.","reviewedByCommunityMember":"CITC collaborates with the eight federally recognized tribes within Cook Inlet region to strengthen program and social services capacity for the region’s tribal communities. The CITC Board of Directors includes a representative from each of the tribes within Cook Inlet region and nine Cook Inlet Region, Inc. representatives.","reviewerFullName":"John Smith","reviewerTitle":"Tribal Leader","reviewerImage":"","createdBy":"","createdTimeStamp":"","modifiedBy":"","modifiedTimeStamp":"2018-04-01T04:18:00Z","_rid":"ap9UALRBtjUHAAAAAAAAAA==","_self":"dbs/ap9UAA==/colls/ap9UALRBtjU=/docs/ap9UALRBtjUHAAAAAAAAAA==/","_etag":"\"00009272-0000-0000-0000-5b64e0970000\"","_attachments":"attachments/","_ts":1533337751}
,{"id":"4f327a5b-9a79-466e-98be-2542eb28bb28","name":"Guardian ad Litem or Custody Investigator?","type":"Legal Info","description":"In any case where a Judge has to make a decision about what is best for a child, they can appoint a Guardian ad Litem (GAL) to represent the child's interests in the court, or a Custody Investigator (CI) to provide information to the judge about the family situation. It is the responsibility of the GAL or CI to report to the Court what they believe is in the best interests of the child, regardless of what the parents, grandparents, or children think.","resourceType":"Articles","url":"www.courtrecords.alaska.gov","topicTags":[{"id":"e1fdbbc6-d66a-4275-9cd2-2be84d303e12"},{"id":"d1d5f7a0-f1fa-464f-8da6-c2e7ce1501ef"},{"id":"bdc07e7a-1f06-4517-88d8-9345bb87c3cf"},{"id":"567d4bb8-a228-4281-b7af-8acc61b89754"},{"id":"9c9a59cc-34ac-4a6f-80c4-90ac041abba7"},{"id":"1d7fc811-dabe-4468-a179-c55075bd22b6"}],"location":[{"state":"Hawaii","city":"Kalawao","zipCode":"96761"},{"state":"Hawaii","city":"Honolulu","zipCode":"96741"},{"state":"Alaska","city":"Juneau","zipCode":"96815"},{"state":"Alaska","city":"Anchorage","zipCode":"99507"}],"icon":"./assets/images/resources/resource.png","overview":"The judge referred you to the Custody Investigator’s Office for a child custody/visitation investigation. You may have questions about the role of the investigator and what you can expect during the investigation. We know this is a very stressful time for you. We hope this introduction helps you understand the nature of our involvement.","headline1":"How much does a custody evaluation cost?","content1":"There is no fee for investigations done by the court Custody Investigator’s Office. If out of town travel is involved, you and/or the other parent may be responsible for those expenses.","headline2":"Who is the custody investigator?","content2":"The custody investigator is a professional who is educated, experienced, and trained in areas related to the divorce/separation process and its effects on families, child development, and assessment of children. ","createdBy":"Alaska Court System Administrative Office","createdTimeStamp":"","modifiedBy":"","modifiedTimeStamp":"2018-04-01T04:18:00Z","_rid":"ap9UALRBtjUIAAAAAAAAAA==","_self":"dbs/ap9UAA==/colls/ap9UALRBtjU=/docs/ap9UALRBtjUIAAAAAAAAAA==/","_etag":"\"00009572-0000-0000-0000-5b64e0a00000\"","_attachments":"attachments/","_ts":1533337760}
,{"id":"2cb89c44-f989-42ea-b038-419e5006e8ff","name":"Innocent Spouse Relief","type":"Legal Info","description":"In any case where a Judge has to make a decision about what is best for a child, they can appoint a Guardian ad Litem (GAL) to represent the child's interests in the court, or a Custody Investigator (CI) to provide information to the judge about the family situation. It is the responsibility of the GAL or CI to report to the Court what they believe is in the best interests of the child, regardless of what the parents, grandparents, or children think.","resourceType":"Articles","url":"www.courtrecords.alaska.gov","topicTags":[{"id":"e1fdbbc6-d66a-4275-9cd2-2be84d303e12"},{"id":"d1d5f7a0-f1fa-464f-8da6-c2e7ce1501ef"},{"id":"bdc07e7a-1f06-4517-88d8-9345bb87c3cf"},{"id":"567d4bb8-a228-4281-b7af-8acc61b89754"}],"location":[{"state":"Hawaii","city":"Kalawao","zipCode":"96761"},{"state":"Hawaii","city":"Honolulu","zipCode":"96741"},{"state":"Alaska","city":"Juneau","zipCode":"96815"},{"state":"Alaska","city":"Anchorage","zipCode":"99507"}],"icon":"./assets/images/resources/resource.png","overview":"The judge referred you to the Custody Investigator’s Office for a child custody/visitation investigation. You may have questions about the role of the investigator and what you can expect during the investigation. We know this is a very stressful time for you. We hope this introduction helps you understand the nature of our involvement.","headline1":"How much does a custody evaluation cost?","content1":"There is no fee for investigations done by the court Custody Investigator’s Office. If out of town travel is involved, you and/or the other parent may be responsible for those expenses.","headline2":"Who is the custody investigator?","content2":"The custody investigator is a professional who is educated, experienced, and trained in areas related to the divorce/separation process and its effects on families, child development, and assessment of children. ","createdBy":"Alaska Court System Administrative Office","createdTimeStamp":"","modifiedBy":"","modifiedTimeStamp":"2018-04-01T04:18:00Z","_rid":"ap9UALRBtjUJAAAAAAAAAA==","_self":"dbs/ap9UAA==/colls/ap9UALRBtjU=/docs/ap9UALRBtjUJAAAAAAAAAA==/","_etag":"\"00009672-0000-0000-0000-5b64e0a80000\"","_attachments":"attachments/","_ts":1533337768}
,{"id":"d1198517-7af3-4c14-8059-68cf65656f75","name":"Motion Practice - Deadlines","type":"Legal Info","description":"In any case where a Judge has to make a decision about what is best for a child, they can appoint a Guardian ad Litem (GAL) to represent the child's interests in the court, or a Custody Investigator (CI) to provide information to the judge about the family situation. It is the responsibility of the GAL or CI to report to the Court what they believe is in the best interests of the child, regardless of what the parents, grandparents, or children think.","resourceType":"Articles","url":"www.courtrecords.alaska.gov","topicTags":[{"id":"e1fdbbc6-d66a-4275-9cd2-2be84d303e12"},{"id":"9c9a59cc-34ac-4a6f-80c4-90ac041abba7"},{"id":"1d7fc811-dabe-4468-a179-c55075bd22b6"}],"location":[{"state":"Hawaii","city":"Kalawao","zipCode":"96761"},{"state":"Hawaii","city":"Honolulu","zipCode":"96741"},{"state":"Alaska","city":"Juneau","zipCode":"96815"},{"state":"Alaska","city":"Anchorage","zipCode":"99507"}],"icon":"./assets/images/resources/resource.png","overview":"The judge referred you to the Custody Investigator’s Office for a child custody/visitation investigation. You may have questions about the role of the investigator and what you can expect during the investigation. We know this is a very stressful time for you. We hope this introduction helps you understand the nature of our involvement.","headline1":"How much does a custody evaluation cost?","content1":"There is no fee for investigations done by the court Custody Investigator’s Office. If out of town travel is involved, you and/or the other parent may be responsible for those expenses.","headline2":"Who is the custody investigator?","content2":"The custody investigator is a professional who is educated, experienced, and trained in areas related to the divorce/separation process and its effects on families, child development, and assessment of children. ","createdBy":"Alaska Court System Administrative Office","createdTimeStamp":"","modifiedBy":"","modifiedTimeStamp":"2018-04-01T04:18:00Z","_rid":"ap9UALRBtjUKAAAAAAAAAA==","_self":"dbs/ap9UAA==/colls/ap9UALRBtjU=/docs/ap9UALRBtjUKAAAAAAAAAA==/","_etag":"\"00009772-0000-0000-0000-5b64e0ae0000\"","_attachments":"attachments/","_ts":1533337774}
,{"id":"38bcfaac-ea4a-4951-bad9-6b173114cfaf","name":"Illegal Landlord Self-Help","type":"Landlord Tenant Law Basics","description":"Even though your landlord owns the property you are renting, he does not have the right to do whatever he wants to recover possession of the property. Your landlord must comply with the Uniform Residential Landlord Tenant Act (URLTA) and give you appropriate notice (see Termination of Tenancy for more information).","resourceType":"Articles","url":"https://alaskalawhelp.org/resource/things-a-landlord-cannot-do?ref=dvgnu","topicTags":[{"id":"62a93f03-8234-46f1-9c35-b3146a96ca8b"},{"id":"1370ccb7-3f0a-4b0f-920e-2d12660fafa7"},{"id":"363909be-bb87-4dba-9743-7f3849f0b80d"},{"id":"d901286b-afe1-4df3-9f81-1f29b977b493"},{"id":"6d7dd07a-c454-4b67-b2d8-ed844dadabd9"}],"location":[{"state":"Hawaii","city":"Kalawao","zipCode":"96761"},{"state":"Hawaii","city":"Honolulu","zipCode":"96741"},{"state":"Alaska","city":"Juneau","zipCode":"96815"},{"state":"Alaska","city":"Anchorage","zipCode":"99507"}],"icon":"./assets/images/resources/resource.png","overview":"It is also illegal for your landlord to threaten to take legal action that is outside of the actions provided by law. This includes charging or threatening to charge you with criminal trespass in order to remove you from the property without a hearing. If this happens, you should contact an attorney immediately to discuss ways to protect yourself. ","headline1":"Your landlord cannot do the following things in an attempt to make you move:","content1":"Shut of utility service; Change the locks; Take your personal property; Take possession of the property by force, without a court hearing","headline2":"Your landlord is also prohibited from retaliating against you because you:","content2":"Complained to or about him not performing his responsibilities under the law; Exercised your rights as a tenant under URTLA; Organized/joined a tenant union","createdBy":"Alaska Legal Services Corporation","createdTimeStamp":"","modifiedBy":"","modifiedTimeStamp":"2018-04-01T04:18:00Z","_rid":"ap9UALRBtjULAAAAAAAAAA==","_self":"dbs/ap9UAA==/colls/ap9UALRBtjU=/docs/ap9UALRBtjULAAAAAAAAAA==/","_etag":"\"00009a72-0000-0000-0000-5b64e0b40000\"","_attachments":"attachments/","_ts":1533337780}
,{"id":"861d6e77-8510-4d10-904b-14da9e4e7039","name":"How to File a Housing Discrimination Complaint with HUD","type":"Landlord Tenant Law Basics","description":"Even though your landlord owns the property you are renting, he does not have the right to do whatever he wants to recover possession of the property. Your landlord must comply with the Uniform Residential Landlord Tenant Act (URLTA) and give you appropriate notice (see Termination of Tenancy for more information).","resourceType":"Articles","url":"https://www.hud.gov/program_offices/fair_housing_equal_opp/complaint-process","topicTags":[{"id":"62a93f03-8234-46f1-9c35-b3146a96ca8b"},{"id":"1370ccb7-3f0a-4b0f-920e-2d12660fafa7"},{"id":"363909be-bb87-4dba-9743-7f3849f0b80d"}],"location":[{"state":"Hawaii","city":"Kalawao","zipCode":"96761"},{"state":"Hawaii","city":"Honolulu","zipCode":"96741"},{"state":"Alaska","city":"Juneau","zipCode":"96815"},{"state":"Alaska","city":"Anchorage","zipCode":"99507"}],"icon":"./assets/images/resources/resource.png","overview":"FHEO begins its complaint investigation process shortly after receiving a complaint. You must file your complaint within one year of the last date of the alleged discrimination under the Fair Housing Act. Other civil rights authorities allow for complaints to be filed after one year for good cause, but FHEO recommends filing as soon as possible.","headline1":"Your landlord cannot do the following things in an attempt to make you move:","content1":"Shut of utility service; Change the locks; Take your personal property; Take possession of the property by force, without a court hearing","headline2":"Your landlord is also prohibited from retaliating against you because you:","content2":"Complained to or about him not performing his responsibilities under the law; Exercised your rights as a tenant under URTLA; Organized/joined a tenant union","createdBy":"Alaska Legal Services Corporation","createdTimeStamp":"","modifiedBy":"","modifiedTimeStamp":"2018-04-01T04:18:00Z","_rid":"ap9UALRBtjUMAAAAAAAAAA==","_self":"dbs/ap9UAA==/colls/ap9UALRBtjU=/docs/ap9UALRBtjUMAAAAAAAAAA==/","_etag":"\"00009e72-0000-0000-0000-5b64e0b90000\"","_attachments":"attachments/","_ts":1533337785}
,{"id":"889d10c1-9764-4eb6-a6f1-90b0540a6af0","name":"File a Complaint","type":"Landlord Tenant Law Basics","description":"Even though your landlord owns the property you are renting, he does not have the right to do whatever he wants to recover possession of the property. Your landlord must comply with the Uniform Residential Landlord Tenant Act (URLTA) and give you appropriate notice (see Termination of Tenancy for more information).","resourceType":"Articles","url":"https://www.hud.gov/program_offices/fair_housing_equal_opp/complaint-process","topicTags":[{"id":"62a93f03-8234-46f1-9c35-b3146a96ca8b"},{"id":"d901286b-afe1-4df3-9f81-1f29b977b493"},{"id":"6d7dd07a-c454-4b67-b2d8-ed844dadabd9"}],"location":[{"state":"Hawaii","city":"Kalawao","zipCode":"96761"},{"state":"Hawaii","city":"Honolulu","zipCode":"96741"},{"state":"Alaska","city":"Juneau","zipCode":"96815"},{"state":"Alaska","city":"Anchorage","zipCode":"99507"}],"icon":"./assets/images/resources/resource.png","overview":"FHEO begins its complaint investigation process shortly after receiving a complaint. You must file your complaint within one year of the last date of the alleged discrimination under the Fair Housing Act. Other civil rights authorities allow for complaints to be filed after one year for good cause, but FHEO recommends filing as soon as possible.","headline1":"Your landlord cannot do the following things in an attempt to make you move:","content1":"Shut of utility service; Change the locks; Take your personal property; Take possession of the property by force, without a court hearing","headline2":"Your landlord is also prohibited from retaliating against you because you:","content2":"Complained to or about him not performing his responsibilities under the law; Exercised your rights as a tenant under URTLA; Organized/joined a tenant union","createdBy":"Alaska Legal Services Corporation","createdTimeStamp":"","modifiedBy":"","modifiedTimeStamp":"2018-04-01T04:18:00Z","_rid":"ap9UALRBtjUNAAAAAAAAAA==","_self":"dbs/ap9UAA==/colls/ap9UALRBtjU=/docs/ap9UALRBtjUNAAAAAAAAAA==/","_etag":"\"0000a272-0000-0000-0000-5b64e0be0000\"","_attachments":"attachments/","_ts":1533337790}
,{"id":"2fe9f117-bfb5-469f-b80c-877640a29f75","name":"Behavior in Court","type":"Family Law","description":"Courtroom Etiquette","resourceType":"Videos","url":"https://www.youtube.com/embed/pCPGSTYsYoU","topicTags":[{"id":"e1fdbbc6-d66a-4275-9cd2-2be84d303e12"},{"id":"d1d5f7a0-f1fa-464f-8da6-c2e7ce1501ef"},{"id":"bdc07e7a-1f06-4517-88d8-9345bb87c3cf"},{"id":"567d4bb8-a228-4281-b7af-8acc61b89754"},{"id":"9c9a59cc-34ac-4a6f-80c4-90ac041abba7"},{"id":"1d7fc811-dabe-4468-a179-c55075bd22b6"}],"location":[{"state":"Hawaii","city":"Kalawao","zipCode":"96761"},{"state":"Hawaii","city":"Honolulu","zipCode":"96741"},{"state":"Alaska","city":"Juneau","zipCode":"96815"},{"state":"Alaska","city":"Anchorage","zipCode":"99507"}],"icon":"./assets/images/resources/resource.png","overview":"This video talks about how to behave in court, and how that behavior might effect your case.","createdBy":"","createdTimeStamp":"","modifiedBy":"","modifiedTimeStamp":"2018-04-01T04:18:00Z","_rid":"ap9UALRBtjUOAAAAAAAAAA==","_self":"dbs/ap9UAA==/colls/ap9UALRBtjU=/docs/ap9UALRBtjUOAAAAAAAAAA==/","_etag":"\"0000a872-0000-0000-0000-5b64e0c70000\"","_attachments":"attachments/","_ts":1533337799}
,{"id":"be0cb3e1-7054-403a-baac-d119ea5be007","name":"Filing Documents by Mail","type":"Family Law","description":"Formal Application Process","resourceType":"Videos","url":"https://www.youtube.com/embed/pCPGSTYsYoU","topicTags":[{"id":"e1fdbbc6-d66a-4275-9cd2-2be84d303e12"},{"id":"d1d5f7a0-f1fa-464f-8da6-c2e7ce1501ef"},{"id":"bdc07e7a-1f06-4517-88d8-9345bb87c3cf"},{"id":"567d4bb8-a228-4281-b7af-8acc61b89754"},{"id":"9c9a59cc-34ac-4a6f-80c4-90ac041abba7"},{"id":"1d7fc811-dabe-4468-a179-c55075bd22b6"}],"location":[{"state":"Hawaii","city":"Kalawao","zipCode":"96761"},{"state":"Hawaii","city":"Honolulu","zipCode":"96741"},{"state":"Alaska","city":"Juneau","zipCode":"96815"},{"state":"Alaska","city":"Anchorage","zipCode":"99507"}],"icon":"./assets/images/resources/resource.png","overview":"This video talks about how to file your documents","createdBy":"","createdTimeStamp":"","modifiedBy":"","modifiedTimeStamp":"2018-04-01T04:18:00Z","_rid":"ap9UALRBtjUPAAAAAAAAAA==","_self":"dbs/ap9UAA==/colls/ap9UALRBtjU=/docs/ap9UALRBtjUPAAAAAAAAAA==/","_etag":"\"0000a374-0000-0000-0000-5b64e8e20000\"","_attachments":"attachments/","_ts":1533339874}
,{"id":"dd161bfe-418c-4f7e-abd7-f5ef8fdfb393","name":"Marital Property","type":"Family Law","description":"How to split up co-owned properties","resourceType":"Videos","url":"https://www.youtube.com/embed/pCPGSTYsYoU","topicTags":[{"id":"567d4bb8-a228-4281-b7af-8acc61b89754"},{"id":"e1fdbbc6-d66a-4275-9cd2-2be84d303e12"}],"location":[{"state":"Hawaii","city":"Kalawao","zipCode":"96761"},{"state":"Hawaii","city":"Honolulu","zipCode":"96741"},{"state":"Alaska","city":"Juneau","zipCode":"96815"},{"state":"Alaska","city":"Anchorage","zipCode":"99507"}],"icon":"./assets/images/resources/resource.png","overview":"This video talks about how to file your documents","createdBy":"","createdTimeStamp":"","modifiedBy":"","modifiedTimeStamp":"2018-04-01T04:18:00Z","_rid":"ap9UALRBtjUQAAAAAAAAAA==","_self":"dbs/ap9UAA==/colls/ap9UALRBtjU=/docs/ap9UALRBtjUQAAAAAAAAAA==/","_etag":"\"0000ad74-0000-0000-0000-5b64e9050000\"","_attachments":"attachments/","_ts":1533339909}
,{"id":"6f6511e3-4c15-4664-9125-4d025ec52cf5","name":"Moving In","type":"Evictions and Tenant Issues","description":"Conversations about Landlord Tenant Law in Alaska","resourceType":"Videos","url":"https://www.youtube.com/embed/pCPGSTYsYoU","topicTags":[{"id":"62a93f03-8234-46f1-9c35-b3146a96ca8b"},{"id":"1370ccb7-3f0a-4b0f-920e-2d12660fafa7"},{"id":"363909be-bb87-4dba-9743-7f3849f0b80d"},{"id":"d901286b-afe1-4df3-9f81-1f29b977b493"},{"id":"6d7dd07a-c454-4b67-b2d8-ed844dadabd9"}],"location":[{"state":"Hawaii","city":"Kalawao","zipCode":"96761"},{"state":"Hawaii","city":"Honolulu","zipCode":"96741"},{"state":"Alaska","city":"Juneau","zipCode":"96815"},{"state":"Alaska","city":"Anchorage","zipCode":"99507"}],"icon":"./assets/images/resources/resource.png","overview":"This video covers some issues everyone should think about when moving into a new rental housing.","createdBy":"","createdTimeStamp":"","modifiedBy":"","modifiedTimeStamp":"2018-04-01T04:18:00Z","_rid":"ap9UALRBtjURAAAAAAAAAA==","_self":"dbs/ap9UAA==/colls/ap9UALRBtjU=/docs/ap9UALRBtjURAAAAAAAAAA==/","_etag":"\"0000ae74-0000-0000-0000-5b64e90d0000\"","_attachments":"attachments/","_ts":1533339917}
,{"id":"60c3ff55-9075-4d65-83fb-8c0691c336a5","name":"Moving Out","type":"Evictions and Tenant Issues","description":"Conversations about Landlord Tenant Law in Alaska","resourceType":"Videos","url":"https://www.youtube.com/embed/pCPGSTYsYoU","topicTags":[{"id":"62a93f03-8234-46f1-9c35-b3146a96ca8b"},{"id":"1370ccb7-3f0a-4b0f-920e-2d12660fafa7"},{"id":"363909be-bb87-4dba-9743-7f3849f0b80d"},{"id":"d901286b-afe1-4df3-9f81-1f29b977b493"},{"id":"6d7dd07a-c454-4b67-b2d8-ed844dadabd9"}],"location":[{"state":"Hawaii","city":"Kalawao","zipCode":"96761"},{"state":"Hawaii","city":"Honolulu","zipCode":"96741"},{"state":"Alaska","city":"Juneau","zipCode":"96815"},{"state":"Alaska","city":"Anchorage","zipCode":"99507"}],"icon":"./assets/images/resources/resource.png","overview":"This video covers some issues everyone should think about when moving out of a rental housing.","createdBy":"","createdTimeStamp":"","modifiedBy":"","modifiedTimeStamp":"2018-04-01T04:18:00Z","_rid":"ap9UALRBtjUSAAAAAAAAAA==","_self":"dbs/ap9UAA==/colls/ap9UALRBtjU=/docs/ap9UALRBtjUSAAAAAAAAAA==/","_etag":"\"0000af74-0000-0000-0000-5b64e9130000\"","_attachments":"attachments/","_ts":1533339923}
,{"id":"1c288784-b6c1-4b41-b540-a135ef0f645a","name":"Paying Rent","type":"Evictions and Tenant Issues","description":"Conversations about Landlord Tenant Law in Alaska","resourceType":"Videos","url":"https://www.youtube.com/embed/pCPGSTYsYoU","topicTags":[{"id":"62a93f03-8234-46f1-9c35-b3146a96ca8b"},{"id":"1370ccb7-3f0a-4b0f-920e-2d12660fafa7"},{"id":"363909be-bb87-4dba-9743-7f3849f0b80d"},{"id":"d901286b-afe1-4df3-9f81-1f29b977b493"},{"id":"6d7dd07a-c454-4b67-b2d8-ed844dadabd9"}],"location":[{"state":"Hawaii","city":"Kalawao","zipCode":"96761"},{"state":"Hawaii","city":"Honolulu","zipCode":"96741"},{"state":"Alaska","city":"Juneau","zipCode":"96815"},{"state":"Alaska","city":"Anchorage","zipCode":"99507"}],"icon":"./assets/images/resources/resource.png","overview":"This video covers some issues everyone should think about when paying rent.","createdBy":"","createdTimeStamp":"","modifiedBy":"","modifiedTimeStamp":"2018-04-01T04:18:00Z","_rid":"ap9UALRBtjUTAAAAAAAAAA==","_self":"dbs/ap9UAA==/colls/ap9UALRBtjU=/docs/ap9UALRBtjUTAAAAAAAAAA==/","_etag":"\"0000bb72-0000-0000-0000-5b64e0e50000\"","_attachments":"attachments/","_ts":1533337829}
,{"id":"b0dc6222-a0a8-4927-a398-ccf0d6524593","name":"Common Questions About Child Support","type":"Child Support","description":"FAQs About Child Support","resourceType":"Related Links","url":"https://alaskalawhelp.org/resource/common-questions-about-child-support?ref=vhU5v","topicTags":[{"id":"e1fdbbc6-d66a-4275-9cd2-2be84d303e12"},{"id":"d1d5f7a0-f1fa-464f-8da6-c2e7ce1501ef"},{"id":"bdc07e7a-1f06-4517-88d8-9345bb87c3cf"},{"id":"567d4bb8-a228-4281-b7af-8acc61b89754"},{"id":"9c9a59cc-34ac-4a6f-80c4-90ac041abba7"},{"id":"1d7fc811-dabe-4468-a179-c55075bd22b6"}],"location":[{"state":"Hawaii","city":"Kalawao","zipCode":"96761"},{"state":"Hawaii","city":"Honolulu","zipCode":"96741"},{"state":"Alaska","city":"Juneau","zipCode":"96815"},{"state":"Alaska","city":"Anchorage","zipCode":"99507"}],"icon":"./assets/images/resources/resource.png","createdBy":"","createdTimeStamp":"","modifiedBy":"","modifiedTimeStamp":"2018-04-01T04:18:00Z","_rid":"ap9UALRBtjUUAAAAAAAAAA==","_self":"dbs/ap9UAA==/colls/ap9UALRBtjU=/docs/ap9UALRBtjUUAAAAAAAAAA==/","_etag":"\"0000bd72-0000-0000-0000-5b64e0ea0000\"","_attachments":"attachments/","_ts":1533337834}
,{"id":"78a4da0f-3087-4513-8b45-a486919d2ed5","name":"My PFD Was Taken for Child Support, But I Have Custody of the Child","type":"Child Support","description":"FAQs About Child Support","resourceType":"Related Links","url":"https://alaskalawhelp.org/resource/my-pfd-was-taken-for-child-support-but-i-have?ref=vhU5v","topicTags":[{"id":"e1fdbbc6-d66a-4275-9cd2-2be84d303e12"},{"id":"d1d5f7a0-f1fa-464f-8da6-c2e7ce1501ef"},{"id":"bdc07e7a-1f06-4517-88d8-9345bb87c3cf"},{"id":"567d4bb8-a228-4281-b7af-8acc61b89754"},{"id":"9c9a59cc-34ac-4a6f-80c4-90ac041abba7"},{"id":"1d7fc811-dabe-4468-a179-c55075bd22b6"}],"location":[{"state":"Hawaii","city":"Kalawao","zipCode":"96761"},{"state":"Hawaii","city":"Honolulu","zipCode":"96741"},{"state":"Alaska","city":"Juneau","zipCode":"96815"},{"state":"Alaska","city":"Anchorage","zipCode":"99507"}],"icon":"./assets/images/resources/resource.png","createdBy":"","createdTimeStamp":"","modifiedBy":"","modifiedTimeStamp":"2018-04-01T04:18:00Z","_rid":"ap9UALRBtjUVAAAAAAAAAA==","_self":"dbs/ap9UAA==/colls/ap9UALRBtjU=/docs/ap9UALRBtjUVAAAAAAAAAA==/","_etag":"\"0000bf72-0000-0000-0000-5b64e0ef0000\"","_attachments":"attachments/","_ts":1533337839}
,{"id":"ce2c727a-1035-4614-b6e8-a161141f245e","name":"Who is the Father?","type":"Child Support","description":"FAQs About Child Support","resourceType":"Related Links","url":"https://alaskalawhelp.org/resource/how-do-i-establish-paternity-of-a-child?ref=vhU5v","topicTags":[{"id":"e1fdbbc6-d66a-4275-9cd2-2be84d303e12"},{"id":"d1d5f7a0-f1fa-464f-8da6-c2e7ce1501ef"},{"id":"bdc07e7a-1f06-4517-88d8-9345bb87c3cf"}],"location":[{"state":"Hawaii","city":"Kalawao","zipCode":"96761"},{"state":"Hawaii","city":"Honolulu","zipCode":"96741"},{"state":"Alaska","city":"Juneau","zipCode":"96815"},{"state":"Alaska","city":"Anchorage","zipCode":"99507"}],"icon":"./assets/images/resources/resource.png","createdBy":"","createdTimeStamp":"","modifiedBy":"","modifiedTimeStamp":"2018-04-01T04:18:00Z","_rid":"ap9UALRBtjUWAAAAAAAAAA==","_self":"dbs/ap9UAA==/colls/ap9UALRBtjU=/docs/ap9UALRBtjUWAAAAAAAAAA==/","_etag":"\"0000c172-0000-0000-0000-5b64e0f80000\"","_attachments":"attachments/","_ts":1533337848}
,{"id":"43f80305-997d-4c32-9908-418568078cdc","name":"Are you at risk of foreclosure and losing your home?","type":"Home Foreclosure","description":"What to expect if you miss house payments, and resources to help you.","resourceType":"Related Links","url":"https://www.hud.gov/topics/avoiding_foreclosure/fctimeline","topicTags":[{"id":"62a93f03-8234-46f1-9c35-b3146a96ca8b"},{"id":"1370ccb7-3f0a-4b0f-920e-2d12660fafa7"},{"id":"363909be-bb87-4dba-9743-7f3849f0b80d"},{"id":"d901286b-afe1-4df3-9f81-1f29b977b493"},{"id":"6d7dd07a-c454-4b67-b2d8-ed844dadabd9"}],"location":[{"state":"Hawaii","city":"Kalawao","zipCode":"96761"},{"state":"Hawaii","city":"Honolulu","zipCode":"96741"},{"state":"Alaska","city":"Juneau","zipCode":"96815"},{"state":"Alaska","city":"Anchorage","zipCode":"99507"}],"icon":"./assets/images/resources/resource.png","createdBy":"","createdTimeStamp":"","modifiedBy":"","modifiedTimeStamp":"2018-04-01T04:18:00Z","_rid":"ap9UALRBtjUXAAAAAAAAAA==","_self":"dbs/ap9UAA==/colls/ap9UALRBtjU=/docs/ap9UALRBtjUXAAAAAAAAAA==/","_etag":"\"0000c372-0000-0000-0000-5b64e0fd0000\"","_attachments":"attachments/","_ts":1533337853}
,{"id":"019fe931-06d0-4c8e-b109-4b6be661725a","name":"Avoiding Foreclosure","type":"Home Foreclosure","description":"There are a number of programs to assist homeowners who are at risk of foreclosure and otherwise struggling with their monthly mortgage payments.","resourceType":"Related Links","url":"https://www.hud.gov/topics/avoiding_foreclosure","topicTags":[{"id":"363909be-bb87-4dba-9743-7f3849f0b80d"},{"id":"d901286b-afe1-4df3-9f81-1f29b977b493"},{"id":"6d7dd07a-c454-4b67-b2d8-ed844dadabd9"}],"location":[{"state":"Hawaii","city":"Kalawao","zipCode":"96761"},{"state":"Hawaii","city":"Honolulu","zipCode":"96741"},{"state":"Alaska","city":"Juneau","zipCode":"96815"},{"state":"Alaska","city":"Anchorage","zipCode":"99507"}],"icon":"./assets/images/resources/resource.png","createdBy":"","createdTimeStamp":"","modifiedBy":"","modifiedTimeStamp":"2018-04-01T04:18:00Z","_rid":"ap9UALRBtjUYAAAAAAAAAA==","_self":"dbs/ap9UAA==/colls/ap9UALRBtjU=/docs/ap9UALRBtjUYAAAAAAAAAA==/","_etag":"\"0000c672-0000-0000-0000-5b64e1020000\"","_attachments":"attachments/","_ts":1533337858}
,{"id":"c68d17cc-ad67-41a0-a681-4abfdecec61f","name":"Know Your Rights: Domestic Violence and Assisted Housing","type":"Child Support","description":"FAQs About Child Support","resourceType":"Related Links","url":"https://alaskalawhelp.org/resource/how-do-i-establish-paternity-of-a-child?ref=vhU5v","topicTags":[{"id":"363909be-bb87-4dba-9743-7f3849f0b80d"},{"id":"d901286b-afe1-4df3-9f81-1f29b977b493"},{"id":"6d7dd07a-c454-4b67-b2d8-ed844dadabd9"}],"location":[{"state":"Hawaii","city":"Kalawao","zipCode":"96761"},{"state":"Hawaii","city":"Honolulu","zipCode":"96741"},{"state":"Alaska","city":"Juneau","zipCode":"96815"},{"state":"Alaska","city":"Anchorage","zipCode":"99507"}],"icon":"./assets/images/resources/resource.png","createdBy":"","createdTimeStamp":"","modifiedBy":"","modifiedTimeStamp":"2018-04-01T04:18:00Z","_rid":"ap9UALRBtjUZAAAAAAAAAA==","_self":"dbs/ap9UAA==/colls/ap9UALRBtjU=/docs/ap9UALRBtjUZAAAAAAAAAA==/","_etag":"\"0000ca72-0000-0000-0000-5b64e1080000\"","_attachments":"attachments/","_ts":1533337864}
,{"id":"7eaaf616-838b-4ada-a1f7-92ccc4ce1ee0","name":"Findings of Fact and Conclusions of Law (Custody) & Decree of Custody and Judgment","type":"Legal Forms","description":"File this when finishing the custody case","resourceType":"Forms","url":"https://public.courts.alaska.gov/web/forms/docs/dr-460-465.pdf","topicTags":[{"id":"e1fdbbc6-d66a-4275-9cd2-2be84d303e12"},{"id":"bdc07e7a-1f06-4517-88d8-9345bb87c3cf"},{"id":"9c9a59cc-34ac-4a6f-80c4-90ac041abba7"},{"id":"1d7fc811-dabe-4468-a179-c55075bd22b6"}],"location":[{"state":"Hawaii","city":"Kalawao","zipCode":"96761"},{"state":"Hawaii","city":"Honolulu","zipCode":"96741"},{"state":"Alaska","city":"Juneau","zipCode":"96815"},{"state":"Alaska","city":"Anchorage","zipCode":"99507"}],"icon":"./assets/images/resources/resource.png","overview":"File this when finishing the custody case","createdBy":"SUPERIOR COURT FOR THE STATE OF ALASKA","createdTimeStamp":"","modifiedBy":"","modifiedTimeStamp":"2018-04-01T04:18:00Z","_rid":"ap9UALRBtjUaAAAAAAAAAA==","_self":"dbs/ap9UAA==/colls/ap9UALRBtjU=/docs/ap9UALRBtjUaAAAAAAAAAA==/","_etag":"\"0000d072-0000-0000-0000-5b64e1110000\"","_attachments":"attachments/","_ts":1533337873}
,{"id":"fcf62499-a5a7-409f-82b5-2df143d1b78e","name":"Agreement & Order for Custody and Visitation, SHC-1126","type":"Legal Forms","description":"File this when finishing the custody case","resourceType":"Forms","url":"http://courts.alaska.gov/shc/family/docs/shc-1126n.pdf","topicTags":[{"id":"e1fdbbc6-d66a-4275-9cd2-2be84d303e12"},{"id":"bdc07e7a-1f06-4517-88d8-9345bb87c3cf"},{"id":"9c9a59cc-34ac-4a6f-80c4-90ac041abba7"},{"id":"1d7fc811-dabe-4468-a179-c55075bd22b6"}],"location":[{"state":"Hawaii","city":"Kalawao","zipCode":"96761"},{"state":"Hawaii","city":"Honolulu","zipCode":"96741"},{"state":"Alaska","city":"Juneau","zipCode":"96815"},{"state":"Alaska","city":"Anchorage","zipCode":"99507"}],"icon":"./assets/images/resources/resource.png","overview":"File this when finishing the custody case","createdBy":"SUPERIOR COURT FOR THE STATE OF ALASKA","createdTimeStamp":"","modifiedBy":"","modifiedTimeStamp":"2018-04-01T04:18:00Z","_rid":"ap9UALRBtjUbAAAAAAAAAA==","_self":"dbs/ap9UAA==/colls/ap9UALRBtjU=/docs/ap9UALRBtjUbAAAAAAAAAA==/","_etag":"\"0000d472-0000-0000-0000-5b64e11b0000\"","_attachments":"attachments/","_ts":1533337883}
,{"id":"8a7fc7a3-095b-4e20-bf80-c411c8449c90","name":"Child Support Guidelines Affidavit","type":"Legal Forms","description":"File this when finishing the custody case","resourceType":"Forms","url":"https://public.courts.alaska.gov/web/forms/docs/dr-305.pdf","topicTags":[{"id":"e1fdbbc6-d66a-4275-9cd2-2be84d303e12"},{"id":"bdc07e7a-1f06-4517-88d8-9345bb87c3cf"},{"id":"9c9a59cc-34ac-4a6f-80c4-90ac041abba7"},{"id":"1d7fc811-dabe-4468-a179-c55075bd22b6"}],"location":[{"state":"Hawaii","city":"Kalawao","zipCode":"96761"},{"state":"Hawaii","city":"Honolulu","zipCode":"96741"},{"state":"Alaska","city":"Juneau","zipCode":"96815"},{"state":"Alaska","city":"Anchorage","zipCode":"99507"}],"icon":"./assets/images/resources/resource.png","overview":"File this when finishing the custody case","createdBy":"SUPERIOR COURT FOR THE STATE OF ALASKA","createdTimeStamp":"","modifiedBy":"","modifiedTimeStamp":"2018-04-01T04:18:00Z","_rid":"ap9UALRBtjUcAAAAAAAAAA==","_self":"dbs/ap9UAA==/colls/ap9UALRBtjU=/docs/ap9UALRBtjUcAAAAAAAAAA==/","_etag":"\"0000d672-0000-0000-0000-5b64e11f0000\"","_attachments":"attachments/","_ts":1533337887}
,{"id":"d9fac58b-cdcf-4c3a-be15-e0edfa7fbd08","name":"Notice to Landlord of Need to Repair and Deduct from Rent","type":"Legal Forms","description":"Give your landlord notice to repair essential services in your home","resourceType":"Forms","url":"https://alaskalawhelp.org/files/415A60AC-CED2-0813-E7A4-681204E82C22/attachments/B6B2C753-6AEF-4075-8819-B8AC6DCAF2CA/repair-and-deduct.pdf","topicTags":[{"id":"62a93f03-8234-46f1-9c35-b3146a96ca8b"},{"id":"1370ccb7-3f0a-4b0f-920e-2d12660fafa7"}],"location":[{"state":"Hawaii","city":"Kalawao","zipCode":"96761"},{"state":"Hawaii","city":"Honolulu","zipCode":"96741"},{"state":"Alaska","city":"Juneau","zipCode":"96815"},{"state":"Alaska","city":"Anchorage","zipCode":"99507"}],"icon":"./assets/images/resources/resource.png","overview":"From \"The Alaska Landlord & Tenant Act: What It Means to You,\" a sample notice to use if you want to give your landlord notice to repair essential services in your home or you will make the repairs and deduct the cost from your rent.","createdBy":" Alaska Department of Law","createdTimeStamp":"","modifiedBy":"","modifiedTimeStamp":"2018-04-01T04:18:00Z","_rid":"ap9UALRBtjUdAAAAAAAAAA==","_self":"dbs/ap9UAA==/colls/ap9UALRBtjU=/docs/ap9UALRBtjUdAAAAAAAAAA==/","_etag":"\"0000d772-0000-0000-0000-5b64e1250000\"","_attachments":"attachments/","_ts":1533337893}
,{"id":"60f7507a-cbdc-4ed9-a21d-98e1b6b8896b","name":"Notice to Landlord of Termination of Tenancy for Violation of Rental Agreement or Law","type":"Legal Forms","description":"Give your landlord notice to repair essential services in your home","resourceType":"Forms","url":"https://alaskalawhelp.org/files/415A60AC-CED2-0813-E7A4-681204E82C22/attachments/B6B2C753-6AEF-4075-8819-B8AC6DCAF2CA/repair-and-deduct.pdf","topicTags":[{"id":"62a93f03-8234-46f1-9c35-b3146a96ca8b"},{"id":"1370ccb7-3f0a-4b0f-920e-2d12660fafa7"}],"location":[{"state":"Hawaii","city":"Kalawao","zipCode":"96761"},{"state":"Hawaii","city":"Honolulu","zipCode":"96741"},{"state":"Alaska","city":"Juneau","zipCode":"96815"},{"state":"Alaska","city":"Anchorage","zipCode":"99507"}],"icon":"./assets/images/resources/resource.png","overview":"From \"The Alaska Landlord & Tenant Act: What It Means to You,\" a sample notice to use if you want to give your landlord notice to repair essential services in your home or you will make the repairs and deduct the cost from your rent.","createdBy":" Alaska Department of Law","createdTimeStamp":"","modifiedBy":"","modifiedTimeStamp":"2018-04-01T04:18:00Z","_rid":"ap9UALRBtjUeAAAAAAAAAA==","_self":"dbs/ap9UAA==/colls/ap9UALRBtjU=/docs/ap9UALRBtjUeAAAAAAAAAA==/","_etag":"\"0000d972-0000-0000-0000-5b64e1290000\"","_attachments":"attachments/","_ts":1533337897}
,{"id":"6bcefe24-eac6-4c1f-8b68-11ae844dcbf6","name":"Tenant's Notice to Terminate a Month to Month Tenancy","type":"Legal Forms","description":"Give your landlord notice to terminate tenancy","resourceType":"Forms","url":"https://alaskalawhelp.org/files/415A60AC-CED2-0813-E7A4-681204E82C22/attachments/B6B2C753-6AEF-4075-8819-B8AC6DCAF2CA/repair-and-deduct.pdf","topicTags":[{"id":"62a93f03-8234-46f1-9c35-b3146a96ca8b"},{"id":"1370ccb7-3f0a-4b0f-920e-2d12660fafa7"},{"id":"6d7dd07a-c454-4b67-b2d8-ed844dadabd9"}],"location":[{"state":"Hawaii","city":"Kalawao","zipCode":"96761"},{"state":"Hawaii","city":"Honolulu","zipCode":"96741"},{"state":"Alaska","city":"Juneau","zipCode":"96815"},{"state":"Alaska","city":"Anchorage","zipCode":"99507"}],"icon":"./assets/images/resources/resource.png","overview":"A sample notice to use if you want to give your landlord notice to terminate tenancy.","createdBy":" Alaska Department of Law","createdTimeStamp":"","modifiedBy":"","modifiedTimeStamp":"2018-04-01T04:18:00Z","_rid":"ap9UALRBtjUfAAAAAAAAAA==","_self":"dbs/ap9UAA==/colls/ap9UALRBtjU=/docs/ap9UALRBtjUfAAAAAAAAAA==/","_etag":"\"0000db72-0000-0000-0000-5b64e12e0000\"","_attachments":"attachments/","_ts":1533337902}
,{"id":"9b8bd927-ad8f-416f-9d5f-82ee96925357","name":"Jurisdiction of my interview","description":"This A2J Guided Interview was created to demonstrate that A2J Author can be used to create a curated experience around divorce for Alaska and Hawaii","resourceType":"CuratedExperience","externalUrl":"9a6a6131-657d-467d-b09b-c570b7dad242","topicTags":[{"id":"a0623124-b039-41e5-a6c8-b33c3b7e295a"},{"id":"d1d5f7a0-f1fa-464f-8da6-c2e7ce1501ef"},{"id":"e1fdbbc6-d66a-4275-9cd2-2be84d303e12"}],"location":[{"state":"Hawaii","city":"Kalawao","zipCode":"96761"},{"state":"Hawaii","city":"Honolulu","zipCode":"96741"},{"state":"Alaska","city":"Juneau","zipCode":"96815"},{"state":"Alaska","city":"Anchorage","zipCode":"99507"},{"state":"New York","city":"EAST MEADOW","zipCode":"11554"},{"state":"NY","city":"EAST MEADOW","zipCode":"11554"},{"state":"Washington","city":"Redmond","zipCode":"98052"}],"url":null,"referenceTags":null,"icon":null,"createdBy":null,"createdTimeStamp":null,"modifiedBy":null,"modifiedTimeStamp":null,"_rid":"ap9UALRBtjUgAAAAAAAAAA==","_self":"dbs/ap9UAA==/colls/ap9UALRBtjU=/docs/ap9UALRBtjUgAAAAAAAAAA==/","_etag":"\"00003ecb-0000-0000-0000-5b66b1570000\"","_attachments":"attachments/","_ts":1533456727}
,{"oId":"C0E2617F2A32BA726A76F50465D71FA259BFB39FCBA4628693BC6E9321F7AEC1C6E9B7C1822407D2D0994F8C3AF56F1207F48404F8CE385884AF078295BCA0C5","resourceTags":[{"itemId":"d1d5f7a0-f1fa-464f-8da6-c2e7ce1501ef","resourceType":"Topics","resourceDetails":{}}],"type":"resources","id":"6eb6e67e-8b1f-4a8a-a91d-ed3852a5cd44","_rid":"ap9UALRBtjUhAAAAAAAAAA==","_self":"dbs/ap9UAA==/colls/ap9UALRBtjU=/docs/ap9UALRBtjUhAAAAAAAAAA==/","_etag":"\"0000e6c3-0000-0000-0000-5b6688ff0000\"","_attachments":"attachments/","_ts":1533446399}
]