﻿[{"id":"HomePage","hero":{"heading":"Get help with your legal questions in","description":{"text":"We will always protect your privacy. Read our","textWithLink":{"urlText":"Privacy Promise","url":"privacy"}},"image":{"source":"/static-resource/assets/images/primary-illustrations/hawaii.svg","altText":"Illustration of Hawaii"}},"guidedAssistantOverview":{"heading":"Need a plan of action for your legal issue? Our Guided Assistant can help.","description":{"steps":[{"order":"1","description":"Answer a few questions to help us understand your needs."},{"order":"2","description":"We'll create a personalized plan with steps and resources."},{"order":"3","description":"Share, print, or create a profile to save your plan."}],"text":"Free and no account necessary. We never share any information you provide.","textWithLink":{"urlText":"Privacy Promise","url":"privacy"}},"button":{"buttonText":"Start the Guided Assistant","buttonAltText":"Start the Guided Assistant","buttonLink":"guidedassistant"},"image":{"source":"/static-resource/assets/images/secondary-illustrations/guided_assistant.svg","altText":"Guided Assistant Illustration"}},"topicAndResources":{"heading":"More Information, Videos, and Links to Resources by Topic","button":{"buttonText":"See More Topics","buttonAltText":"Alt text","buttonLink":"topics"}},"carousel":{"slides":[{"quote":"Tincidunt integer eu augue augue nunc elit dolor, luctus placerat scelerisque euismod, iaculis eu lacus nunc mi elit, vehicula ut laoreet ac, aliquam sit amet justo nunc tempor, metus vel..","author":"Robbie","location":"Anchorage, AK","image":{"source":"updatelink","altText":""}},{"quote":"Ut fusce varius nisl ac ipsum gravida vel pretium tellus tincidunt integer eu augue augue nunc elit dolor, luctus placerat.","author":"Robbie","location":"Anchorage, AK","image":{"source":"updatelink","altText":""}},{"quote":"This site is here to provide equal access to legal information and resources for everyone. Legal disclaimer lorem ipsum dolor amet. It is brought to you by partnership of these nonproffit organizations.","author":"Robbie","location":"Anchorage, AK","image":{"source":"updatelink","altText":""}}]},"sponsorOverview":{"heading":"Information you can trust","description":"This site is here to provide equal access to legal information and resources for everyone. Legal disclaimer lorem ipsum dolor amet. It is brought to you by partnership of these nonproffit organizations","sponsors":[{"source":"updatelink","altText":""},{"source":"updatelink","altText":""}],"button":{"buttonText":"Learn More","buttonAltText":"Learn More","buttonLink":""}},"privacy":{"heading":"Our Privacy Promise","description":"We value your privacy and will never share your personal information with anyone without your lorem ipsum dolor sit amet.","button":{"buttonText":"Learn More","buttonAltText":"Alt text","buttonLink":"privacy"},"image":{"source":"/static-resource/assets/images/secondary-illustrations/privacy_promise.svg","altText":"Privacy Illustration"}},"helpText":"Are you safe? Call X-XXX-XXX-XXXX to get help.","_rid":"ap9UAPaApngBAAAAAAAAAA==","_self":"dbs/ap9UAA==/colls/ap9UAPaApng=/docs/ap9UAPaApngBAAAAAAAAAA==/","_etag":"\"d9011da5-0000-0000-0000-5b65274f0000\"","_attachments":"attachments/","_ts":1533355855}
,{"id":"PrivacyPromisePage","description":"Lorem, ipsum dolor sit amet consectetur adipisicing elit. Asperiores illo totam iste rerum fuga sit facilis modi iusto sapiente saepe tenetur labore eaque esse quod alias maxime ut velit quisquam, doloremque perspiciatis harum omnis. Odit dolorem, reprehenderit cupiditate deleniti amet a aperiam voluptates quam facilis suscipit, vero error magnam voluptatum.","image":{"source":"","altText":""},"details":[{"title":"Data Collection and Use","description":"Lorem ipsum dolor sit, amet consectetur adipisicing elit. Adipisci, distinctio possimus neque corrupti veritatis aspernatur odit quae sed voluptas minima, aliquam iste ex deleniti ut aliquid quaerat animi, similique accusamus?"},{"title":"Personal Information","description":"Lorem ipsum, dolor sit amet consectetur adipisicing elit. Quis earum ipsa dolore id sequi, dicta illum. Perspiciatis doloribus voluptas iure!"},{"title":"Security","description":"Lorem ipsum dolor sit amet consectetur adipisicing elit. Ad quod excepturi in illum aliquid hic sit porro unde doloribus facere, iste distinctio nisi, ea aperiam, id vero! Animi tempore odio expedita reprehenderit officiis suscipit, illo doloremque esse? Velit, dolor necessitatibus eveniet earum vel officiis expedita, voluptate quidem totam illum asperiores sapiente, quo ipsa tenetur labore tempore corporis dolore dolorem sunt."}],"_rid":"ap9UAPaApngCAAAAAAAAAA==","_self":"dbs/ap9UAA==/colls/ap9UAPaApng=/docs/ap9UAPaApngCAAAAAAAAAA==/","_etag":"\"d6015ffb-0000-0000-0000-5b6516840000\"","_attachments":"attachments/","_ts":1533351556}
,{"id":"HelpAndFAQPage","description":"Lorem ipsum, dolor sit amet consectetur adipisicing elit. A non excepturi ullam magnam similique, nobis officiis cupiditate aperiam consectetur at labore commodi! Soluta, expedita fuga in quod corporis voluptatem reiciendis. ","image":{"source":"","altText":""},"imageExpand":{"source":"/static-resource/assets/images/small-icons/open_accordion.svg","altText":""},"imageCollapse":{"source":"/static-resource/assets/images/small-icons/open_accordion.svg","altText":""},"faqs":[{"question":"Lorem ipsum dolor sit amet consectetur adipisicing elit. Alias quo expedita, ab vero repellat voluptates molestiae? Ipsam, ducimus nam. Ducimus.","answer":[{"description":"Lorem ipsum dolor sit amet consectetur adipisicing elit. Repellat reprehenderit laborum dicta architecto iusto at sed iste fugit necessitatibus rem, fuga ad minima provident neque est autem dolore officiis, ab nihil? Consectetur, nostrum nam eligendi praesentium illo dignissimos magni maxime."}]},{"question":"Lorem ipsum dolor sit amet consectetur adipisicing elit. Molestiae nam corporis laboriosam voluptate, neque eligendi?","answer":[{"description":"Lorem ipsum dolor sit amet consectetur adipisicing elit. Enim iure cupiditate eius fugit eveniet sit deserunt velit esse repellendus totam quia, accusamus ipsum doloribus. Adipisci aliquam nostrum quibusdam similique alias itaque optio dolorum magni et eveniet architecto debitis quos inventore sit, quam non."},{"description":"Sit hic cumque distinctio sunt temporibus, est quidem quos. Tempore tenetur, mollitia tempora nesciunt exercitationem alias eos, eligendi voluptas aperiam quasi veritatis dolorum ab blanditiis, soluta debitis!"}]}],"_rid":"ap9UAPaApngDAAAAAAAAAA==","_self":"dbs/ap9UAA==/colls/ap9UAPaApng=/docs/ap9UAPaApngDAAAAAAAAAA==/","_etag":"\"d601c5ff-0000-0000-0000-5b6516a10000\"","_attachments":"attachments/","_ts":1533351585}
,{"id":"Navigation","language":{"button":{"buttonText":"English","buttonAltText":"English","buttonLink":""},"navigationImage":{"source":"/static-resource/assets/images/small-icons/language.svg","altText":""},"dropDownImage":{"source":"/static-resource/assets/images/small-icons/dropdown_arrow.svg","altText":""}},"location":{"text":"Please Select Location","altText":"Please Select Location","button":{"buttonText":"Change","buttonAltText":"Change","buttonLink":""},"image":{"source":"/static-resource/assets/images/small-icons/location.svg","altText":""}},"privacyPromise":{"button":{"buttonText":"Privacy Promise","buttonAltText":"Privacy Promise","buttonLink":"privacy"},"image":{"source":"/static-resource/assets/images/small-icons/privacy.svg","altText":""}},"helpAndFAQ":{"button":{"buttonText":"Help & FAQs","buttonAltText":"Help & FAQs","buttonLink":"help"},"image":{"source":"/static-resource/assets/images/small-icons/faq.svg","altText":""}},"login":{"button":{"buttonText":"Log in","buttonAltText":"Log in","buttonLink":"login"},"image":{"source":"/static-resource/assets/images/small-icons/profile.svg","altText":""}},"logo":{"firstLogo":"Legal","secondLogo":"Assist","link":""},"home":{"button":{"buttonText":"Home","buttonAltText":"Home","buttonLink":""}},"guidedAssistant":{"button":{"buttonText":"Guided Assistant","buttonAltText":"Guided Assistant","buttonLink":"guidedassistant"}},"topicAndResources":{"button":{"buttonText":"Topics & Resources","buttonAltText":"Topics & Resources","buttonLink":"topics"}},"about":{"button":{"buttonText":"About","buttonAltText":"About","buttonLink":"about"}},"search":{"button":{"buttonText":"Search","buttonAltText":"Search","buttonLink":""},"image":{"source":"/static-resource/assets/images/small-icons/search.svg","altText":""}},"_rid":"ap9UAPaApngEAAAAAAAAAA==","_self":"dbs/ap9UAA==/colls/ap9UAPaApng=/docs/ap9UAPaApngEAAAAAAAAAA==/","_etag":"\"d7010204-0000-0000-0000-5b6516bd0000\"","_attachments":"attachments/","_ts":1533351613}
]