﻿[{"id":"bdc07e7a-1f06-4517-88d8-9345bb87c3cf","name":"Custody / Visitation","overview":"Overview of the Custody/Visitation topic","quickLinks":[{"text":"Child Support","url":"https://alaskalawhelp.org/resource/child-support?ref=sxZRw"},{"text":"Common Questions About Child Custody","url":"https://alaskalawhelp.org/resource/common-questions-about-child-custody?ref=sxZRw"}],"parentTopicId":[{"id":"e1fdbbc6-d66a-4275-9cd2-2be84d303e12"}],"resourceType":"Topics","keywords":"Custody | Child Abuse | Child Custody","location":[{"state":"Hawaii","city":"Kalawao","zipCode":"96761"},{"state":"Hawaii","city":"Honolulu","zipCode":"96741"},{"state":"Alaska","city":"Juneau","zipCode":"96815"},{"state":"Alaska","city":"Anchorage","zipCode":"99507"}],"icon":"https://cs4892808efec24x447cx944.blob.core.windows.net/static-resource/assets/images/topics/housing.svg","_rid":"ap9UAKOAU7IDAAAAAAAAAA==","_self":"dbs/ap9UAA==/colls/ap9UAKOAU7I=/docs/ap9UAKOAU7IDAAAAAAAAAA==/","_etag":"\"3c038a40-0000-0000-0000-5b64a3e90000\"","_attachments":"attachments/","_ts":1533322217}
,{"id":"e1fdbbc6-d66a-4275-9cd2-2be84d303e12","name":"Family","overview":"Overview of the Family topic","quickLinks":[{"text":"Family Law Self-Help Center","url":"http://courts.alaska.gov/shc/family/selfhelp.htm"},{"text":"Introduction to Family Law Video Series","url":"https://alaskalawhelp.org/resource/introduction-to-family-law-video-series?ref=OEGQX"}],"parentTopicId":[],"resourceType":"Topics","keywords":"Family","location":[{"state":"Hawaii","city":"Kalawao","zipCode":"96761"},{"state":"Hawaii","city":"Honolulu","zipCode":"96741"},{"state":"Alaska","city":"Juneau","zipCode":"96815"},{"state":"Alaska","city":"Anchorage","zipCode":"99507"}],"icon":"https://cs4892808efec24x447cx944.blob.core.windows.net/static-resource/assets/images/categories/family.svg","_rid":"ap9UAKOAU7IEAAAAAAAAAA==","_self":"dbs/ap9UAA==/colls/ap9UAKOAU7I=/docs/ap9UAKOAU7IEAAAAAAAAAA==/","_etag":"\"570356b1-0000-0000-0000-5b64e6ab0000\"","_attachments":"attachments/","_ts":1533339307}
,{"id":"9c9a59cc-34ac-4a6f-80c4-90ac041abba7","name":"Adoption, Guardianship, and POA","overview":"Overview of the Adoption, Guardianship, and POA topic","quickLinks":[{"text":"Adoption and Guardianship: Making Permanent Plans for Children","url":"http://dhss.alaska.gov/ocs/Pages/adoptions/default.aspx"},{"text":"Guardianship and Conservatorship -- What You Need to Know","url":"http://courts.alaska.gov/shc/guardian-conservator/index.htm"}],"parentTopicId":[{"id":"e1fdbbc6-d66a-4275-9cd2-2be84d303e12"}],"resourceType":"Topics","keywords":"Adoption | Guardianship | and POA","location":[{"state":"Hawaii","city":"Kalawao","zipCode":"96761"},{"state":"Hawaii","city":"Honolulu","zipCode":"96741"},{"state":"Alaska","city":"Juneau","zipCode":"96815"},{"state":"Alaska","city":"Anchorage","zipCode":"99507"}],"icon":"https://cs4892808efec24x447cx944.blob.core.windows.net/static-resource/assets/images/topics/housing.svg","_rid":"ap9UAKOAU7IFAAAAAAAAAA==","_self":"dbs/ap9UAA==/colls/ap9UAKOAU7I=/docs/ap9UAKOAU7IFAAAAAAAAAA==/","_etag":"\"54030d99-0000-0000-0000-5b64debf0000\"","_attachments":"attachments/","_ts":1533337279}
,{"id":"d1d5f7a0-f1fa-464f-8da6-c2e7ce1501ef","name":"Divorce","overview":"Overview of the Divorce topic","quickLinks":[{"text":"Filing for Dissolution or Divorce - Ending Your Marriage","url":"http://courts.alaska.gov/shc/family/shcstart.htm#issues"},{"text":"Spousal Support (Alimony)","url":"https://alaskalawhelp.org/resource/spousal-support?ref=OEGQX"}],"parentTopicId":[{"id":"e1fdbbc6-d66a-4275-9cd2-2be84d303e12"}],"resourceType":"Topics","keywords":"Divorce | Child","location":[{"state":"Hawaii","city":"Kalawao","zipCode":"96761"},{"state":"Hawaii","city":"Honolulu","zipCode":"96741"},{"state":"Alaska","city":"Juneau","zipCode":"96815"},{"state":"Alaska","city":"Anchorage","zipCode":"99507"}],"icon":"https://cs4892808efec24x447cx944.blob.core.windows.net/static-resource/assets/images/topics/housing.svg","_rid":"ap9UAKOAU7IGAAAAAAAAAA==","_self":"dbs/ap9UAA==/colls/ap9UAKOAU7I=/docs/ap9UAKOAU7IGAAAAAAAAAA==/","_etag":"\"cc02b0aa-0000-0000-0000-5b6392a50000\"","_attachments":"attachments/","_ts":1533252261}
,{"id":"cd69a76e-a571-47ef-9dcb-2072a8a81215","name":"Other family or children related issues","parentTopicId":[{"id":"e1fdbbc6-d66a-4275-9cd2-2be84d303e12"}],"resourceType":"Topics","keywords":null,"location":[{"state":"Hawaii","city":"Kalawao","zipCode":"96761"},{"state":"Hawaii","city":"Honolulu","zipCode":"96741"},{"state":"Alaska","city":"Juneau","zipCode":"96815"},{"state":"Alaska","city":"Anchorage","zipCode":"99507"}],"icon":"https://cs4892808efec24x447cx944.blob.core.windows.net/static-resource/assets/images/topics/housing.svg","_rid":"ap9UAKOAU7IHAAAAAAAAAA==","_self":"dbs/ap9UAA==/colls/ap9UAKOAU7I=/docs/ap9UAKOAU7IHAAAAAAAAAA==/","_etag":"\"5403cc9b-0000-0000-0000-5b64dec60000\"","_attachments":"attachments/","_ts":1533337286}
,{"id":"1d7fc811-dabe-4468-a179-c55075bd22b6","name":"Child support","overview":"Overview of the Child Support topic","quickLinks":[{"text":"Child Support Payment Options","url":"http://www.childsupport.alaska.gov/Payments/payments.aspx"},{"text":"Calculating Child Support Awards","url":"http://www.courts.alaska.gov/"}],"parentTopicId":[{"id":"e1fdbbc6-d66a-4275-9cd2-2be84d303e12"}],"resourceType":"Topics","keywords":"Child support","location":[{"state":"Hawaii","city":"Kalawao","zipCode":"96761"},{"state":"Hawaii","city":"Honolulu","zipCode":"96741"},{"state":"Alaska","city":"Juneau","zipCode":"96815"},{"state":"Alaska","city":"Anchorage","zipCode":"99507"}],"icon":"https://cs4892808efec24x447cx944.blob.core.windows.net/static-resource/assets/images/topics/housing.svg","_rid":"ap9UAKOAU7IIAAAAAAAAAA==","_self":"dbs/ap9UAA==/colls/ap9UAKOAU7I=/docs/ap9UAKOAU7IIAAAAAAAAAA==/","_etag":"\"54034f9e-0000-0000-0000-5b64decd0000\"","_attachments":"attachments/","_ts":1533337293}
,{"id":"25a38c36-a032-436d-b88a-e129119bb218","name":"Domestic Violence","parentTopicId":"Abuse & Harassment","resourceType":"Topics","keywords":null,"location":[{"state":"Hawaii","city":"Kalawao","zipCode":"96761"},{"state":"Hawaii","city":"Honolulu","zipCode":"96741"},{"state":"Alaska","city":"Juneau","zipCode":"96815"},{"state":"Alaska","city":"Anchorage","zipCode":"99507"}],"icon":"https://cs4892808efec24x447cx944.blob.core.windows.net/static-resource/assets/images/topics/housing.svg","_rid":"ap9UAKOAU7IJAAAAAAAAAA==","_self":"dbs/ap9UAA==/colls/ap9UAKOAU7I=/docs/ap9UAKOAU7IJAAAAAAAAAA==/","_etag":"\"540330a0-0000-0000-0000-5b64ded10000\"","_attachments":"attachments/","_ts":1533337297}
,{"id":"567d4bb8-a228-4281-b7af-8acc61b89754","name":"Domestic Violence","overview":"Overview of the Domestic Violence topic","quickLinks":[{"text":"Alaska CASA Programs","url":"http://www.alaskacasa.org/"},{"text":"How Domestic Violence Impacts a Custody Dispute","url":"https://alaskalawhelp.org/resource/common-questions-about-custody-and-domestic-v?ref=P7vNO"}],"parentTopicId":[{"id":"e1fdbbc6-d66a-4275-9cd2-2be84d303e12"}],"resourceType":"Topics","keywords":"Custody | Visitation","location":[{"state":"Hawaii","city":"Kalawao","zipCode":"96761"},{"state":"Hawaii","city":"Honolulu","zipCode":"96741"},{"state":"Alaska","city":"Juneau","zipCode":"96815"},{"state":"Alaska","city":"Anchorage","zipCode":"99507"}],"icon":"https://cs4892808efec24x447cx944.blob.core.windows.net/static-resource/assets/images/topics/housing.svg","_rid":"ap9UAKOAU7IKAAAAAAAAAA==","_self":"dbs/ap9UAA==/colls/ap9UAKOAU7I=/docs/ap9UAKOAU7IKAAAAAAAAAA==/","_etag":"\"5403a5a2-0000-0000-0000-5b64ded80000\"","_attachments":"attachments/","_ts":1533337304}
,{"id":"e3bdf5d8-8755-46d9-b13b-e28546fcd27e","name":"Abuse & Harassment","parentTopicId":[],"resourceType":"Topics","keywords":null,"location":[{"state":"Hawaii","city":"Kalawao","zipCode":"96761"},{"state":"Hawaii","city":"Honolulu","zipCode":"96741"},{"state":"Alaska","city":"Juneau","zipCode":"96815"},{"state":"Alaska","city":"Anchorage","zipCode":"99507"}],"icon":"https://cs4892808efec24x447cx944.blob.core.windows.net/static-resource/assets/images/categories/abuse.svg","_rid":"ap9UAKOAU7ILAAAAAAAAAA==","_self":"dbs/ap9UAA==/colls/ap9UAKOAU7I=/docs/ap9UAKOAU7ILAAAAAAAAAA==/","_etag":"\"5703a2a3-0000-0000-0000-5b64e6880000\"","_attachments":"attachments/","_ts":1533339272}
,{"id":"3ee84c85-ac8a-4d55-9c7d-3c672077cf8b","name":null,"parentTopicId":null,"resourceType":"Topics","keywords":null,"location":[{"state":"Hawaii","city":"Kalawao","zipCode":"96761"},{"state":"Hawaii","city":"Honolulu","zipCode":"96741"},{"state":"Alaska","city":"Juneau","zipCode":"96815"},{"state":"Alaska","city":"Anchorage","zipCode":"99507"}],"icon":"https://cs4892808efec24x447cx944.blob.core.windows.net/static-resource/assets/images/topics/housing.svg","_rid":"ap9UAKOAU7IMAAAAAAAAAA==","_self":"dbs/ap9UAA==/colls/ap9UAKOAU7I=/docs/ap9UAKOAU7IMAAAAAAAAAA==/","_etag":"\"540301a6-0000-0000-0000-5b64dee00000\"","_attachments":"attachments/","_ts":1533337312}
,{"id":"9abad050-9e35-4f20-b378-9e9722e27f43","name":"Public Assault","parentTopicId":"Abuse & Harassment","resourceType":"Topics","keywords":null,"location":[{"state":"Hawaii","city":"Kalawao","zipCode":"96761"},{"state":"Hawaii","city":"Honolulu","zipCode":"96741"},{"state":"Alaska","city":"Juneau","zipCode":"96815"},{"state":"Alaska","city":"Anchorage","zipCode":"99507"}],"icon":"https://cs4892808efec24x447cx944.blob.core.windows.net/static-resource/assets/images/topics/housing.svg","_rid":"ap9UAKOAU7INAAAAAAAAAA==","_self":"dbs/ap9UAA==/colls/ap9UAKOAU7I=/docs/ap9UAKOAU7INAAAAAAAAAA==/","_etag":"\"540387a7-0000-0000-0000-5b64dee40000\"","_attachments":"attachments/","_ts":1533337316}
,{"id":"2899f70e-0592-4268-8cbc-e3e6b627a145","name":"Child Abuse","parentTopicId":"Abuse & Harassment","resourceType":"Topics","keywords":null,"location":[{"state":"Hawaii","city":"Kalawao","zipCode":"96761"},{"state":"Hawaii","city":"Honolulu","zipCode":"96741"},{"state":"Alaska","city":"Juneau","zipCode":"96815"},{"state":"Alaska","city":"Anchorage","zipCode":"99507"}],"icon":"https://cs4892808efec24x447cx944.blob.core.windows.net/static-resource/assets/images/topics/housing.svg","_rid":"ap9UAKOAU7IOAAAAAAAAAA==","_self":"dbs/ap9UAA==/colls/ap9UAKOAU7I=/docs/ap9UAKOAU7IOAAAAAAAAAA==/","_etag":"\"540309a9-0000-0000-0000-5b64dee80000\"","_attachments":"attachments/","_ts":1533337320}
,{"id":"4c51c863-901d-4364-aa6f-84cb6ed7fcd1","name":"Victims of Crime","parentTopicId":"Abuse & Harassment","resourceType":"Topics","keywords":null,"location":[{"state":"Hawaii","city":"Kalawao","zipCode":"96761"},{"state":"Hawaii","city":"Honolulu","zipCode":"96741"},{"state":"Alaska","city":"Juneau","zipCode":"96815"},{"state":"Alaska","city":"Anchorage","zipCode":"99507"}],"icon":"https://cs4892808efec24x447cx944.blob.core.windows.net/static-resource/assets/images/topics/housing.svg","_rid":"ap9UAKOAU7IPAAAAAAAAAA==","_self":"dbs/ap9UAA==/colls/ap9UAKOAU7I=/docs/ap9UAKOAU7IPAAAAAAAAAA==/","_etag":"\"540323ab-0000-0000-0000-5b64deed0000\"","_attachments":"attachments/","_ts":1533337325}
,{"id":"17009182-caa5-4988-8aff-84c12c82343b","name":"Elder Abuse","parentTopicId":"Abuse & Harassment","resourceType":"Topics","keywords":null,"location":[{"state":"Hawaii","city":"Kalawao","zipCode":"96761"},{"state":"Hawaii","city":"Honolulu","zipCode":"96741"},{"state":"Alaska","city":"Juneau","zipCode":"96815"},{"state":"Alaska","city":"Anchorage","zipCode":"99507"}],"icon":"https://cs4892808efec24x447cx944.blob.core.windows.net/static-resource/assets/images/topics/housing.svg","_rid":"ap9UAKOAU7IQAAAAAAAAAA==","_self":"dbs/ap9UAA==/colls/ap9UAKOAU7I=/docs/ap9UAKOAU7IQAAAAAAAAAA==/","_etag":"\"5403c6ac-0000-0000-0000-5b64def10000\"","_attachments":"attachments/","_ts":1533337329}
,{"id":"ca67982b-21dd-459c-8ea4-84315f5bcd70","name":"Discrimination","parentTopicId":[],"resourceType":"Topics","keywords":null,"location":[{"state":"Hawaii","city":"Kalawao","zipCode":"96761"},{"state":"Hawaii","city":"Honolulu","zipCode":"96741"},{"state":"Alaska","city":"Juneau","zipCode":"96815"},{"state":"Alaska","city":"Anchorage","zipCode":"99507"}],"icon":"https://cs4892808efec24x447cx944.blob.core.windows.net/static-resource/assets/images/categories/discrimination.svg","_rid":"ap9UAKOAU7IRAAAAAAAAAA==","_self":"dbs/ap9UAA==/colls/ap9UAKOAU7I=/docs/ap9UAKOAU7IRAAAAAAAAAA==/","_etag":"\"57033f8a-0000-0000-0000-5b64e6460000\"","_attachments":"attachments/","_ts":1533339206}
,{"id":"7bc8acf5-c751-4d58-a15a-f39bb0ca0c48","name":null,"parentTopicId":null,"resourceType":"Topics","keywords":null,"location":[{"state":"Hawaii","city":"Kalawao","zipCode":"96761"},{"state":"Hawaii","city":"Honolulu","zipCode":"96741"},{"state":"Alaska","city":"Juneau","zipCode":"96815"},{"state":"Alaska","city":"Anchorage","zipCode":"99507"}],"icon":"https://cs4892808efec24x447cx944.blob.core.windows.net/static-resource/assets/images/topics/housing.svg","_rid":"ap9UAKOAU7ISAAAAAAAAAA==","_self":"dbs/ap9UAA==/colls/ap9UAKOAU7I=/docs/ap9UAKOAU7ISAAAAAAAAAA==/","_etag":"\"5403f6af-0000-0000-0000-5b64def90000\"","_attachments":"attachments/","_ts":1533337337}
,{"id":"24006fdd-c031-42d0-bcdf-287cdbb60f1e","name":"Housing Discrimination","parentTopicId":"Discrimination","resourceType":"Topics","keywords":null,"location":[{"state":"Hawaii","city":"Kalawao","zipCode":"96761"},{"state":"Hawaii","city":"Honolulu","zipCode":"96741"},{"state":"Alaska","city":"Juneau","zipCode":"96815"},{"state":"Alaska","city":"Anchorage","zipCode":"99507"}],"icon":"https://cs4892808efec24x447cx944.blob.core.windows.net/static-resource/assets/images/topics/housing.svg","_rid":"ap9UAKOAU7ITAAAAAAAAAA==","_self":"dbs/ap9UAA==/colls/ap9UAKOAU7I=/docs/ap9UAKOAU7ITAAAAAAAAAA==/","_etag":"\"540378b1-0000-0000-0000-5b64defd0000\"","_attachments":"attachments/","_ts":1533337341}
,{"id":"399f1751-54d6-4c27-8cdb-8c84a9e88384","name":"Job Discrimination","parentTopicId":"Discrimination","resourceType":"Topics","keywords":null,"location":[{"state":"Hawaii","city":"Kalawao","zipCode":"96761"},{"state":"Hawaii","city":"Honolulu","zipCode":"96741"},{"state":"Alaska","city":"Juneau","zipCode":"96815"},{"state":"Alaska","city":"Anchorage","zipCode":"99507"}],"icon":"https://cs4892808efec24x447cx944.blob.core.windows.net/static-resource/assets/images/topics/housing.svg","_rid":"ap9UAKOAU7IUAAAAAAAAAA==","_self":"dbs/ap9UAA==/colls/ap9UAKOAU7I=/docs/ap9UAKOAU7IUAAAAAAAAAA==/","_etag":"\"540332b3-0000-0000-0000-5b64df020000\"","_attachments":"attachments/","_ts":1533337346}
,{"id":"558d0173-9ae8-45e8-aa9e-76eee1e9a994","name":"Violation of my rights","parentTopicId":"Discrimination","resourceType":"Topics","keywords":null,"location":[{"state":"Hawaii","city":"Kalawao","zipCode":"96761"},{"state":"Hawaii","city":"Honolulu","zipCode":"96741"},{"state":"Alaska","city":"Juneau","zipCode":"96815"},{"state":"Alaska","city":"Anchorage","zipCode":"99507"}],"icon":"https://cs4892808efec24x447cx944.blob.core.windows.net/static-resource/assets/images/topics/housing.svg","_rid":"ap9UAKOAU7IVAAAAAAAAAA==","_self":"dbs/ap9UAA==/colls/ap9UAKOAU7I=/docs/ap9UAKOAU7IVAAAAAAAAAA==/","_etag":"\"54034eb5-0000-0000-0000-5b64df070000\"","_attachments":"attachments/","_ts":1533337351}
,{"id":"7d905920-0793-4cb1-8749-0b586125653d","name":"Disability-Related Discrimination","parentTopicId":"Discrimination","resourceType":"Topics","keywords":null,"location":[{"state":"Hawaii","city":"Kalawao","zipCode":"96761"},{"state":"Hawaii","city":"Honolulu","zipCode":"96741"},{"state":"Alaska","city":"Juneau","zipCode":"96815"},{"state":"Alaska","city":"Anchorage","zipCode":"99507"}],"icon":"https://cs4892808efec24x447cx944.blob.core.windows.net/static-resource/assets/images/topics/housing.svg","_rid":"ap9UAKOAU7IWAAAAAAAAAA==","_self":"dbs/ap9UAA==/colls/ap9UAKOAU7I=/docs/ap9UAKOAU7IWAAAAAAAAAA==/","_etag":"\"54038db6-0000-0000-0000-5b64df0a0000\"","_attachments":"attachments/","_ts":1533337354}
,{"id":"662842a9-81fa-489e-919d-158e95181c28","name":null,"parentTopicId":null,"resourceType":"Topics","keywords":null,"location":[{"state":"Hawaii","city":"Kalawao","zipCode":"96761"},{"state":"Hawaii","city":"Honolulu","zipCode":"96741"},{"state":"Alaska","city":"Juneau","zipCode":"96815"},{"state":"Alaska","city":"Anchorage","zipCode":"99507"}],"icon":"https://cs4892808efec24x447cx944.blob.core.windows.net/static-resource/assets/images/topics/housing.svg","_rid":"ap9UAKOAU7IXAAAAAAAAAA==","_self":"dbs/ap9UAA==/colls/ap9UAKOAU7I=/docs/ap9UAKOAU7IXAAAAAAAAAA==/","_etag":"\"540337b8-0000-0000-0000-5b64df0f0000\"","_attachments":"attachments/","_ts":1533337359}
,{"id":"40a6333f-fe42-43a5-9ecd-840e230c68aa","name":"Public Benefits","parentTopicId":[],"resourceType":"Topics","keywords":null,"location":[{"state":"Hawaii","city":"Kalawao","zipCode":"96761"},{"state":"Hawaii","city":"Honolulu","zipCode":"96741"},{"state":"Alaska","city":"Juneau","zipCode":"96815"},{"state":"Alaska","city":"Anchorage","zipCode":"99507"}],"icon":"https://cs4892808efec24x447cx944.blob.core.windows.net/static-resource/assets/images/categories/public_benefits.svg","_rid":"ap9UAKOAU7IYAAAAAAAAAA==","_self":"dbs/ap9UAA==/colls/ap9UAKOAU7I=/docs/ap9UAKOAU7IYAAAAAAAAAA==/","_etag":"\"570326cd-0000-0000-0000-5b64e6e60000\"","_attachments":"attachments/","_ts":1533339366}
,{"id":"983af86a-f761-4c7f-806e-0cce1837ece9","name":"Social Security benefits","parentTopicId":"Public Benefits","resourceType":"Topics","keywords":null,"location":[{"state":"Hawaii","city":"Kalawao","zipCode":"96761"},{"state":"Hawaii","city":"Honolulu","zipCode":"96741"},{"state":"Alaska","city":"Juneau","zipCode":"96815"},{"state":"Alaska","city":"Anchorage","zipCode":"99507"}],"icon":"https://cs4892808efec24x447cx944.blob.core.windows.net/static-resource/assets/images/topics/housing.svg","_rid":"ap9UAKOAU7IZAAAAAAAAAA==","_self":"dbs/ap9UAA==/colls/ap9UAKOAU7I=/docs/ap9UAKOAU7IZAAAAAAAAAA==/","_etag":"\"540355bb-0000-0000-0000-5b64df170000\"","_attachments":"attachments/","_ts":1533337367}
,{"id":"8054fc62-5a58-4455-b4dc-f52b47f2c7bf","name":"State welfare (cash benefits and food stamps)","parentTopicId":"Public Benefits","resourceType":"Topics","keywords":null,"location":[{"state":"Hawaii","city":"Kalawao","zipCode":"96761"},{"state":"Hawaii","city":"Honolulu","zipCode":"96741"},{"state":"Alaska","city":"Juneau","zipCode":"96815"},{"state":"Alaska","city":"Anchorage","zipCode":"99507"}],"icon":"https://cs4892808efec24x447cx944.blob.core.windows.net/static-resource/assets/images/topics/housing.svg","_rid":"ap9UAKOAU7IaAAAAAAAAAA==","_self":"dbs/ap9UAA==/colls/ap9UAKOAU7I=/docs/ap9UAKOAU7IaAAAAAAAAAA==/","_etag":"\"5403a4bc-0000-0000-0000-5b64df1a0000\"","_attachments":"attachments/","_ts":1533337370}
,{"id":"80309c1b-62b3-4730-b15d-01cc38cf26b0","name":"Health Benefits","parentTopicId":"Public Benefits","resourceType":"Topics","keywords":null,"location":[{"state":"Hawaii","city":"Kalawao","zipCode":"96761"},{"state":"Hawaii","city":"Honolulu","zipCode":"96741"},{"state":"Alaska","city":"Juneau","zipCode":"96815"},{"state":"Alaska","city":"Anchorage","zipCode":"99507"}],"icon":"https://cs4892808efec24x447cx944.blob.core.windows.net/static-resource/assets/images/topics/housing.svg","_rid":"ap9UAKOAU7IbAAAAAAAAAA==","_self":"dbs/ap9UAA==/colls/ap9UAKOAU7I=/docs/ap9UAKOAU7IbAAAAAAAAAA==/","_etag":"\"54030cbe-0000-0000-0000-5b64df1d0000\"","_attachments":"attachments/","_ts":1533337373}
,{"id":"48bc3790-7a64-488a-ade8-ece1cd76992e","name":"Unemployment benefits","parentTopicId":"Public Benefits","resourceType":"Topics","keywords":null,"location":[{"state":"Hawaii","city":"Kalawao","zipCode":"96761"},{"state":"Hawaii","city":"Honolulu","zipCode":"96741"},{"state":"Alaska","city":"Juneau","zipCode":"96815"},{"state":"Alaska","city":"Anchorage","zipCode":"99507"}],"icon":"https://cs4892808efec24x447cx944.blob.core.windows.net/static-resource/assets/images/topics/housing.svg","_rid":"ap9UAKOAU7IcAAAAAAAAAA==","_self":"dbs/ap9UAA==/colls/ap9UAKOAU7I=/docs/ap9UAKOAU7IcAAAAAAAAAA==/","_etag":"\"5403fabf-0000-0000-0000-5b64df220000\"","_attachments":"attachments/","_ts":1533337378}
,{"id":"082f881f-239b-4246-8665-d576cce337e5","name":"Other Public Benefits Related Issues","parentTopicId":"Public Benefits","resourceType":"Topics","keywords":null,"location":[{"state":"Hawaii","city":"Kalawao","zipCode":"96761"},{"state":"Hawaii","city":"Honolulu","zipCode":"96741"},{"state":"Alaska","city":"Juneau","zipCode":"96815"},{"state":"Alaska","city":"Anchorage","zipCode":"99507"}],"icon":"https://cs4892808efec24x447cx944.blob.core.windows.net/static-resource/assets/images/topics/housing.svg","_rid":"ap9UAKOAU7IdAAAAAAAAAA==","_self":"dbs/ap9UAA==/colls/ap9UAKOAU7I=/docs/ap9UAKOAU7IdAAAAAAAAAA==/","_etag":"\"54031fc1-0000-0000-0000-5b64df250000\"","_attachments":"attachments/","_ts":1533337381}
,{"id":"717d325e-f436-4522-856b-5e95741573c8","name":null,"parentTopicId":null,"resourceType":"Topics","keywords":null,"location":[{"state":"Hawaii","city":"Kalawao","zipCode":"96761"},{"state":"Hawaii","city":"Honolulu","zipCode":"96741"},{"state":"Alaska","city":"Juneau","zipCode":"96815"},{"state":"Alaska","city":"Anchorage","zipCode":"99507"}],"icon":"https://cs4892808efec24x447cx944.blob.core.windows.net/static-resource/assets/images/topics/housing.svg","_rid":"ap9UAKOAU7IeAAAAAAAAAA==","_self":"dbs/ap9UAA==/colls/ap9UAKOAU7I=/docs/ap9UAKOAU7IeAAAAAAAAAA==/","_etag":"\"54039ac2-0000-0000-0000-5b64df290000\"","_attachments":"attachments/","_ts":1533337385}
,{"id":"363909be-bb87-4dba-9743-7f3849f0b80d","name":"Public Housing & Section 8","overview":"Overview of the Public Housing & Section 8 topic","quickLinks":[{"text":"HUD Renter's Kit","url":"https://www.hud.gov/topics/rental_assistance"},{"text":"Subsidized and Public Housing","url":"https://alaskalawhelp.org/resource/subsidized-and-public-housing?ref=SY6fV"}],"parentTopicId":[{"id":"62a93f03-8234-46f1-9c35-b3146a96ca8b"}],"resourceType":"Topics","keywords":"Public housing | Housing Assistance","location":[{"state":"Hawaii","city":"Kalawao","zipCode":"96761"},{"state":"Hawaii","city":"Honolulu","zipCode":"96741"},{"state":"Alaska","city":"Juneau","zipCode":"96815"},{"state":"Alaska","city":"Anchorage","zipCode":"99507"}],"icon":"https://cs4892808efec24x447cx944.blob.core.windows.net/static-resource/assets/images/topics/housing.svg","_rid":"ap9UAKOAU7IfAAAAAAAAAA==","_self":"dbs/ap9UAA==/colls/ap9UAKOAU7I=/docs/ap9UAKOAU7IfAAAAAAAAAA==/","_etag":"\"5403a4c4-0000-0000-0000-5b64df2e0000\"","_attachments":"attachments/","_ts":1533337390}
,{"id":"62a93f03-8234-46f1-9c35-b3146a96ca8b","name":"Housing","overview":"Overview of the Housing topic","quickLinks":[{"text":"HUD Approved Housing Counseling Agencies","url":"https://www.hud.gov/states/alaska/homeownership/hsgcounseling"},{"text":"Buying a Home in Alaska","url":"https://www.ahfc.us/buy/homechoice/"}],"parentTopicId":[],"resourceType":"Topics","keywords":null,"location":[{"state":"Hawaii","city":"Kalawao","zipCode":"96761"},{"state":"Hawaii","city":"Honolulu","zipCode":"96741"},{"state":"Alaska","city":"Juneau","zipCode":"96815"},{"state":"Alaska","city":"Anchorage","zipCode":"99507"}],"icon":"https://cs4892808efec24x447cx944.blob.core.windows.net/static-resource/assets/images/topics/housing.svg","_rid":"ap9UAKOAU7IgAAAAAAAAAA==","_self":"dbs/ap9UAA==/colls/ap9UAKOAU7I=/docs/ap9UAKOAU7IgAAAAAAAAAA==/","_etag":"\"5403a2c6-0000-0000-0000-5b64df330000\"","_attachments":"attachments/","_ts":1533337395}
,{"id":"1370ccb7-3f0a-4b0f-920e-2d12660fafa7","name":"Problems with my landlord, home, or apartment","overview":"Overview of the Problems with My Landlord, Home, or Apartment topic","quickLinks":[{"text":"Apartment Rules","url":"https://alaskalawhelp.org/resource/apartment-rules?ref=o4LzP"},{"text":"Conversations about Landlord Tenant Law in Alaska: Introduction","url":"https://alaskalawhelp.org/resource/conversations-about-landlord-tenant-law-in-alaska-introduction"}],"parentTopicId":[{"id":"62a93f03-8234-46f1-9c35-b3146a96ca8b"}],"resourceType":"Topics","keywords":"Landlord problem | Eviction","location":[{"state":"Hawaii","city":"Kalawao","zipCode":"96761"},{"state":"Hawaii","city":"Honolulu","zipCode":"96741"},{"state":"Alaska","city":"Juneau","zipCode":"96815"},{"state":"Alaska","city":"Anchorage","zipCode":"99507"}],"icon":"https://cs4892808efec24x447cx944.blob.core.windows.net/static-resource/assets/images/topics/housing.svg","_rid":"ap9UAKOAU7IhAAAAAAAAAA==","_self":"dbs/ap9UAA==/colls/ap9UAKOAU7I=/docs/ap9UAKOAU7IhAAAAAAAAAA==/","_etag":"\"4403f160-0000-0000-0000-5b64b6f50000\"","_attachments":"attachments/","_ts":1533327093}
,{"id":"d901286b-afe1-4df3-9f81-1f29b977b493","name":"Foreclosure","overview":"Overview of the Foreclosure topic","quickLinks":[{"text":"Are You At Risk Of Foreclosure?","url":"https://www.hud.gov/topics/avoiding_foreclosure/fctimeline"},{"text":"Avoiding Foreclosure","url":"https://www.hud.gov/topics/avoiding_foreclosure"}],"parentTopicId":[{"id":"62a93f03-8234-46f1-9c35-b3146a96ca8b"}],"resourceType":"Topics","keywords":"Foreclosure","location":[{"state":"Hawaii","city":"Kalawao","zipCode":"96761"},{"state":"Hawaii","city":"Honolulu","zipCode":"96741"},{"state":"Alaska","city":"Juneau","zipCode":"96815"},{"state":"Alaska","city":"Anchorage","zipCode":"99507"}],"icon":"https://cs4892808efec24x447cx944.blob.core.windows.net/static-resource/assets/images/topics/housing.svg","_rid":"ap9UAKOAU7IiAAAAAAAAAA==","_self":"dbs/ap9UAA==/colls/ap9UAKOAU7I=/docs/ap9UAKOAU7IiAAAAAAAAAA==/","_etag":"\"540358c8-0000-0000-0000-5b64df380000\"","_attachments":"attachments/","_ts":1533337400}
,{"id":"64605152-fc6f-434b-88fe-2cde2d8b88ea","name":"Other Housing Issues & Information","parentTopicId":"62a93f03-8234-46f1-9c35-b3146a96ca8b","resourceType":"Topics","keywords":null,"location":[{"state":"Hawaii","city":"Kalawao","zipCode":"96761"},{"state":"Hawaii","city":"Honolulu","zipCode":"96741"},{"state":"Alaska","city":"Juneau","zipCode":"96815"},{"state":"Alaska","city":"Anchorage","zipCode":"99507"}],"icon":"https://cs4892808efec24x447cx944.blob.core.windows.net/static-resource/assets/images/topics/housing.svg","_rid":"ap9UAKOAU7IjAAAAAAAAAA==","_self":"dbs/ap9UAA==/colls/ap9UAKOAU7I=/docs/ap9UAKOAU7IjAAAAAAAAAA==/","_etag":"\"540380ca-0000-0000-0000-5b64df3d0000\"","_attachments":"attachments/","_ts":1533337405}
,{"id":"6d7dd07a-c454-4b67-b2d8-ed844dadabd9","name":"Housing Assistance","overview":"Overview of the Housing Assistance topic","quickLinks":[{"text":"Know Your Rights - Fair Housing","url":"https://alaskalawhelp.org/resource/alaska-legal-services-fair-housing-enforcement-project-1"},{"text":"Subsidized Rental Programs in Alaska","url":"https://www.ahfc.us/publichousing/rental-programs/"}],"parentTopicId":[{"id":"62a93f03-8234-46f1-9c35-b3146a96ca8b"}],"resourceType":"Topics","keywords":"Housing Assistance","location":[{"state":"Hawaii","city":"Kalawao","zipCode":"96761"},{"state":"Hawaii","city":"Honolulu","zipCode":"96741"},{"state":"Alaska","city":"Juneau","zipCode":"96815"},{"state":"Alaska","city":"Anchorage","zipCode":"99507"}],"icon":"https://cs4892808efec24x447cx944.blob.core.windows.net/static-resource/assets/images/topics/housing.svg","_rid":"ap9UAKOAU7IkAAAAAAAAAA==","_self":"dbs/ap9UAA==/colls/ap9UAKOAU7I=/docs/ap9UAKOAU7IkAAAAAAAAAA==/","_etag":"\"54039acc-0000-0000-0000-5b64df420000\"","_attachments":"attachments/","_ts":1533337410}
,{"id":"c0a6f41d-f570-4477-b476-9ce7be74f07b","name":null,"parentTopicId":null,"resourceType":"Topics","keywords":null,"location":[{"state":"Hawaii","city":"Kalawao","zipCode":"96761"},{"state":"Hawaii","city":"Honolulu","zipCode":"96741"},{"state":"Alaska","city":"Juneau","zipCode":"96815"},{"state":"Alaska","city":"Anchorage","zipCode":"99507"}],"icon":"https://cs4892808efec24x447cx944.blob.core.windows.net/static-resource/assets/images/topics/housing.svg","_rid":"ap9UAKOAU7IlAAAAAAAAAA==","_self":"dbs/ap9UAA==/colls/ap9UAKOAU7I=/docs/ap9UAKOAU7IlAAAAAAAAAA==/","_etag":"\"540398ce-0000-0000-0000-5b64df470000\"","_attachments":"attachments/","_ts":1533337415}
,{"id":"6c1491f3-915d-4e1e-858f-0084759df946","name":"Debt Collection","parentTopicId":"Money & Debt","resourceType":"Topics","keywords":null,"location":[{"state":"Hawaii","city":"Kalawao","zipCode":"96761"},{"state":"Hawaii","city":"Honolulu","zipCode":"96741"},{"state":"Alaska","city":"Juneau","zipCode":"96815"},{"state":"Alaska","city":"Anchorage","zipCode":"99507"}],"icon":"https://cs4892808efec24x447cx944.blob.core.windows.net/static-resource/assets/images/topics/housing.svg","_rid":"ap9UAKOAU7ImAAAAAAAAAA==","_self":"dbs/ap9UAA==/colls/ap9UAKOAU7I=/docs/ap9UAKOAU7ImAAAAAAAAAA==/","_etag":"\"5403e5cf-0000-0000-0000-5b64df4a0000\"","_attachments":"attachments/","_ts":1533337418}
,{"id":"5970328f-ceea-4903-b4dc-1ea559623582","name":"Money & Debt","parentTopicId":[],"resourceType":"Topics","keywords":null,"location":[{"state":"Hawaii","city":"Kalawao","zipCode":"96761"},{"state":"Hawaii","city":"Honolulu","zipCode":"96741"},{"state":"Alaska","city":"Juneau","zipCode":"96815"},{"state":"Alaska","city":"Anchorage","zipCode":"99507"}],"icon":"https://cs4892808efec24x447cx944.blob.core.windows.net/static-resource/assets/images/categories/money_debt.svg","_rid":"ap9UAKOAU7InAAAAAAAAAA==","_self":"dbs/ap9UAA==/colls/ap9UAKOAU7I=/docs/ap9UAKOAU7InAAAAAAAAAA==/","_etag":"\"5703c3db-0000-0000-0000-5b64e7050000\"","_attachments":"attachments/","_ts":1533339397}
,{"id":"ddfa11d8-37ac-474e-8f8c-c1d11c0506a1","name":"Bankruptcy","parentTopicId":"Money & Debt","resourceType":"Topics","keywords":null,"location":[{"state":"Hawaii","city":"Kalawao","zipCode":"96761"},{"state":"Hawaii","city":"Honolulu","zipCode":"96741"},{"state":"Alaska","city":"Juneau","zipCode":"96815"},{"state":"Alaska","city":"Anchorage","zipCode":"99507"}],"icon":"https://cs4892808efec24x447cx944.blob.core.windows.net/static-resource/assets/images/topics/housing.svg","_rid":"ap9UAKOAU7IoAAAAAAAAAA==","_self":"dbs/ap9UAA==/colls/ap9UAKOAU7I=/docs/ap9UAKOAU7IoAAAAAAAAAA==/","_etag":"\"540381d2-0000-0000-0000-5b64df510000\"","_attachments":"attachments/","_ts":1533337425}
,{"id":"ae1a1dea-a0c4-420f-94f4-fab7b242656f","name":"A Car I bought","parentTopicId":"Money & Debt","resourceType":"Topics","keywords":null,"location":[{"state":"Hawaii","city":"Kalawao","zipCode":"96761"},{"state":"Hawaii","city":"Honolulu","zipCode":"96741"},{"state":"Alaska","city":"Juneau","zipCode":"96815"},{"state":"Alaska","city":"Anchorage","zipCode":"99507"}],"icon":"https://cs4892808efec24x447cx944.blob.core.windows.net/static-resource/assets/images/topics/housing.svg","_rid":"ap9UAKOAU7IpAAAAAAAAAA==","_self":"dbs/ap9UAA==/colls/ap9UAKOAU7I=/docs/ap9UAKOAU7IpAAAAAAAAAA==/","_etag":"\"54032cd4-0000-0000-0000-5b64df550000\"","_attachments":"attachments/","_ts":1533337429}
,{"id":"0d19ea59-7782-43bd-8372-588633a3d067","name":"Student Loans & Financial Aid","parentTopicId":"Money & Debt","resourceType":"Topics","keywords":null,"location":[{"state":"Hawaii","city":"Kalawao","zipCode":"96761"},{"state":"Hawaii","city":"Honolulu","zipCode":"96741"},{"state":"Alaska","city":"Juneau","zipCode":"96815"},{"state":"Alaska","city":"Anchorage","zipCode":"99507"}],"icon":"https://cs4892808efec24x447cx944.blob.core.windows.net/static-resource/assets/images/topics/housing.svg","_rid":"ap9UAKOAU7IqAAAAAAAAAA==","_self":"dbs/ap9UAA==/colls/ap9UAKOAU7I=/docs/ap9UAKOAU7IqAAAAAAAAAA==/","_etag":"\"5403d1d5-0000-0000-0000-5b64df590000\"","_attachments":"attachments/","_ts":1533337433}
,{"id":"1177dd90-bb20-427a-8804-08f696ac233e","name":"Foreclosure","parentTopicId":"Money & Debt","resourceType":"Topics","keywords":null,"location":[{"state":"Hawaii","city":"Kalawao","zipCode":"96761"},{"state":"Hawaii","city":"Honolulu","zipCode":"96741"},{"state":"Alaska","city":"Juneau","zipCode":"96815"},{"state":"Alaska","city":"Anchorage","zipCode":"99507"}],"icon":"https://cs4892808efec24x447cx944.blob.core.windows.net/static-resource/assets/images/topics/housing.svg","_rid":"ap9UAKOAU7IrAAAAAAAAAA==","_self":"dbs/ap9UAA==/colls/ap9UAKOAU7I=/docs/ap9UAKOAU7IrAAAAAAAAAA==/","_etag":"\"5403d0d7-0000-0000-0000-5b64df5e0000\"","_attachments":"attachments/","_ts":1533337438}
,{"id":"2a88363e-e05d-42bb-bb77-ba785d10b862","name":"Taxes","parentTopicId":"Money & Debt","resourceType":"Topics","keywords":null,"location":[{"state":"Hawaii","city":"Kalawao","zipCode":"96761"},{"state":"Hawaii","city":"Honolulu","zipCode":"96741"},{"state":"Alaska","city":"Juneau","zipCode":"96815"},{"state":"Alaska","city":"Anchorage","zipCode":"99507"}],"icon":"https://cs4892808efec24x447cx944.blob.core.windows.net/static-resource/assets/images/topics/housing.svg","_rid":"ap9UAKOAU7IsAAAAAAAAAA==","_self":"dbs/ap9UAA==/colls/ap9UAKOAU7I=/docs/ap9UAKOAU7IsAAAAAAAAAA==/","_etag":"\"540328d9-0000-0000-0000-5b64df620000\"","_attachments":"attachments/","_ts":1533337442}
,{"id":"650d6049-3bb5-494a-8456-8d962478a86a","name":"Wage Theft","parentTopicId":"Money & Debt","resourceType":"Topics","keywords":null,"location":[{"state":"Hawaii","city":"Kalawao","zipCode":"96761"},{"state":"Hawaii","city":"Honolulu","zipCode":"96741"},{"state":"Alaska","city":"Juneau","zipCode":"96815"},{"state":"Alaska","city":"Anchorage","zipCode":"99507"}],"icon":"https://cs4892808efec24x447cx944.blob.core.windows.net/static-resource/assets/images/topics/housing.svg","_rid":"ap9UAKOAU7ItAAAAAAAAAA==","_self":"dbs/ap9UAA==/colls/ap9UAKOAU7I=/docs/ap9UAKOAU7ItAAAAAAAAAA==/","_etag":"\"5403a1da-0000-0000-0000-5b64df650000\"","_attachments":"attachments/","_ts":1533337445}
,{"id":"ab2ad5ce-88fa-46d4-af94-4b3210b193cc","name":null,"parentTopicId":null,"resourceType":"Topics","keywords":null,"location":[{"state":"Hawaii","city":"Kalawao","zipCode":"96761"},{"state":"Hawaii","city":"Honolulu","zipCode":"96741"},{"state":"Alaska","city":"Juneau","zipCode":"96815"},{"state":"Alaska","city":"Anchorage","zipCode":"99507"}],"icon":"https://cs4892808efec24x447cx944.blob.core.windows.net/static-resource/assets/images/topics/housing.svg","_rid":"ap9UAKOAU7IuAAAAAAAAAA==","_self":"dbs/ap9UAA==/colls/ap9UAKOAU7I=/docs/ap9UAKOAU7IuAAAAAAAAAA==/","_etag":"\"54030edc-0000-0000-0000-5b64df690000\"","_attachments":"attachments/","_ts":1533337449}
,{"id":"9d76f043-014a-4884-8a90-52493022f935","name":"Other Money or Consumer issues","parentTopicId":"Money & Debt","resourceType":"Topics","keywords":null,"location":[{"state":"Hawaii","city":"Kalawao","zipCode":"96761"},{"state":"Hawaii","city":"Honolulu","zipCode":"96741"},{"state":"Alaska","city":"Juneau","zipCode":"96815"},{"state":"Alaska","city":"Anchorage","zipCode":"99507"}],"icon":"https://cs4892808efec24x447cx944.blob.core.windows.net/static-resource/assets/images/topics/housing.svg","_rid":"ap9UAKOAU7IvAAAAAAAAAA==","_self":"dbs/ap9UAA==/colls/ap9UAKOAU7I=/docs/ap9UAKOAU7IvAAAAAAAAAA==/","_etag":"\"54034edd-0000-0000-0000-5b64df6c0000\"","_attachments":"attachments/","_ts":1533337452}
,{"id":"afb06470-47b7-44d6-82fd-0afc17168803","name":"Seniors & Life Planning","parentTopicId":[],"resourceType":"Topics","keywords":null,"location":[{"state":"Hawaii","city":"Kalawao","zipCode":"96761"},{"state":"Hawaii","city":"Honolulu","zipCode":"96741"},{"state":"Alaska","city":"Juneau","zipCode":"96815"},{"state":"Alaska","city":"Anchorage","zipCode":"99507"}],"icon":"https://cs4892808efec24x447cx944.blob.core.windows.net/static-resource/assets/images/categories/seniors_life_planning.svg","_rid":"ap9UAKOAU7IwAAAAAAAAAA==","_self":"dbs/ap9UAA==/colls/ap9UAKOAU7I=/docs/ap9UAKOAU7IwAAAAAAAAAA==/","_etag":"\"5703ece7-0000-0000-0000-5b64e7250000\"","_attachments":"attachments/","_ts":1533339429}
,{"id":"34bb308c-66f0-450b-99df-6da5323e9fe1","name":"Legal Guardianship","parentTopicId":"Seniors & Life Planning","resourceType":"Topics","keywords":null,"location":[{"state":"Hawaii","city":"Kalawao","zipCode":"96761"},{"state":"Hawaii","city":"Honolulu","zipCode":"96741"},{"state":"Alaska","city":"Juneau","zipCode":"96815"},{"state":"Alaska","city":"Anchorage","zipCode":"99507"}],"icon":"https://cs4892808efec24x447cx944.blob.core.windows.net/static-resource/assets/images/topics/housing.svg","_rid":"ap9UAKOAU7IxAAAAAAAAAA==","_self":"dbs/ap9UAA==/colls/ap9UAKOAU7I=/docs/ap9UAKOAU7IxAAAAAAAAAA==/","_etag":"\"540363e0-0000-0000-0000-5b64df740000\"","_attachments":"attachments/","_ts":1533337460}
,{"id":"4f334507-8453-44d2-98ac-fbbe7d435670","name":"Wills & Trusts","parentTopicId":"Seniors & Life Planning","resourceType":"Topics","keywords":null,"location":[{"state":"Hawaii","city":"Kalawao","zipCode":"96761"},{"state":"Hawaii","city":"Honolulu","zipCode":"96741"},{"state":"Alaska","city":"Juneau","zipCode":"96815"},{"state":"Alaska","city":"Anchorage","zipCode":"99507"}],"icon":"https://cs4892808efec24x447cx944.blob.core.windows.net/static-resource/assets/images/topics/housing.svg","_rid":"ap9UAKOAU7IyAAAAAAAAAA==","_self":"dbs/ap9UAA==/colls/ap9UAKOAU7I=/docs/ap9UAKOAU7IyAAAAAAAAAA==/","_etag":"\"5403b1e1-0000-0000-0000-5b64df770000\"","_attachments":"attachments/","_ts":1533337463}
,{"id":"8f6aeeeb-d72a-4c31-b5d8-28ec608e136a","name":"Financial and Medical planning","parentTopicId":"Seniors & Life Planning","resourceType":"Topics","keywords":null,"location":[{"state":"Hawaii","city":"Kalawao","zipCode":"96761"},{"state":"Hawaii","city":"Honolulu","zipCode":"96741"},{"state":"Alaska","city":"Juneau","zipCode":"96815"},{"state":"Alaska","city":"Anchorage","zipCode":"99507"}],"icon":"https://cs4892808efec24x447cx944.blob.core.windows.net/static-resource/assets/images/topics/housing.svg","_rid":"ap9UAKOAU7IzAAAAAAAAAA==","_self":"dbs/ap9UAA==/colls/ap9UAKOAU7I=/docs/ap9UAKOAU7IzAAAAAAAAAA==/","_etag":"\"540333e3-0000-0000-0000-5b64df7b0000\"","_attachments":"attachments/","_ts":1533337467}
,{"id":"1dc9879e-bb66-4ff7-8705-cadd2f6398c7","name":"Public Benefits","parentTopicId":"Seniors & Life Planning","resourceType":"Topics","keywords":null,"location":[{"state":"Hawaii","city":"Kalawao","zipCode":"96761"},{"state":"Hawaii","city":"Honolulu","zipCode":"96741"},{"state":"Alaska","city":"Juneau","zipCode":"96815"},{"state":"Alaska","city":"Anchorage","zipCode":"99507"}],"icon":"https://cs4892808efec24x447cx944.blob.core.windows.net/static-resource/assets/images/topics/housing.svg","_rid":"ap9UAKOAU7I0AAAAAAAAAA==","_self":"dbs/ap9UAA==/colls/ap9UAKOAU7I=/docs/ap9UAKOAU7I0AAAAAAAAAA==/","_etag":"\"54030de5-0000-0000-0000-5b64df800000\"","_attachments":"attachments/","_ts":1533337472}
,{"id":"0f037c4a-7343-4141-839c-8c3ccc0a9e38","name":"Elder Abuse","parentTopicId":"Seniors & Life Planning","resourceType":"Topics","keywords":null,"location":[{"state":"Hawaii","city":"Kalawao","zipCode":"96761"},{"state":"Hawaii","city":"Honolulu","zipCode":"96741"},{"state":"Alaska","city":"Juneau","zipCode":"96815"},{"state":"Alaska","city":"Anchorage","zipCode":"99507"}],"icon":"https://cs4892808efec24x447cx944.blob.core.windows.net/static-resource/assets/images/topics/housing.svg","_rid":"ap9UAKOAU7I1AAAAAAAAAA==","_self":"dbs/ap9UAA==/colls/ap9UAKOAU7I=/docs/ap9UAKOAU7I1AAAAAAAAAA==/","_etag":"\"540389e6-0000-0000-0000-5b64df840000\"","_attachments":"attachments/","_ts":1533337476}
,{"id":"fcf9548f-7386-4b1d-8074-57edeb877480","name":"Health Coverage & Care","parentTopicId":"Seniors & Life Planning","resourceType":"Topics","keywords":null,"location":[{"state":"Hawaii","city":"Kalawao","zipCode":"96761"},{"state":"Hawaii","city":"Honolulu","zipCode":"96741"},{"state":"Alaska","city":"Juneau","zipCode":"96815"},{"state":"Alaska","city":"Anchorage","zipCode":"99507"}],"icon":"https://cs4892808efec24x447cx944.blob.core.windows.net/static-resource/assets/images/topics/housing.svg","_rid":"ap9UAKOAU7I2AAAAAAAAAA==","_self":"dbs/ap9UAA==/colls/ap9UAKOAU7I=/docs/ap9UAKOAU7I2AAAAAAAAAA==/","_etag":"\"5403dfe7-0000-0000-0000-5b64df870000\"","_attachments":"attachments/","_ts":1533337479}
,{"id":"f7dfb678-ab11-4bbf-b928-e26243cb6f06","name":"Other Seniors & Life Planning Issues","parentTopicId":"Seniors & Life Planning","resourceType":"Topics","keywords":null,"location":[{"state":"Hawaii","city":"Kalawao","zipCode":"96761"},{"state":"Hawaii","city":"Honolulu","zipCode":"96741"},{"state":"Alaska","city":"Juneau","zipCode":"96815"},{"state":"Alaska","city":"Anchorage","zipCode":"99507"}],"icon":"https://cs4892808efec24x447cx944.blob.core.windows.net/static-resource/assets/images/topics/housing.svg","_rid":"ap9UAKOAU7I3AAAAAAAAAA==","_self":"dbs/ap9UAA==/colls/ap9UAKOAU7I=/docs/ap9UAKOAU7I3AAAAAAAAAA==/","_etag":"\"540396e9-0000-0000-0000-5b64df8c0000\"","_attachments":"attachments/","_ts":1533337484}
,{"id":"03de219b-40d3-4bea-9142-e2a6dd339685","name":null,"parentTopicId":null,"resourceType":"Topics","keywords":null,"location":[{"state":"Hawaii","city":"Kalawao","zipCode":"96761"},{"state":"Hawaii","city":"Honolulu","zipCode":"96741"},{"state":"Alaska","city":"Juneau","zipCode":"96815"},{"state":"Alaska","city":"Anchorage","zipCode":"99507"}],"icon":"https://cs4892808efec24x447cx944.blob.core.windows.net/static-resource/assets/images/topics/housing.svg","_rid":"ap9UAKOAU7I4AAAAAAAAAA==","_self":"dbs/ap9UAA==/colls/ap9UAKOAU7I=/docs/ap9UAKOAU7I4AAAAAAAAAA==/","_etag":"\"54030beb-0000-0000-0000-5b64df8f0000\"","_attachments":"attachments/","_ts":1533337487}
,{"id":"df5e95f5-186f-4a95-acac-e06143a5cc66","name":"Government Records & Documents","parentTopicId":[],"resourceType":"Topics","keywords":null,"location":[{"state":"Hawaii","city":"Kalawao","zipCode":"96761"},{"state":"Hawaii","city":"Honolulu","zipCode":"96741"},{"state":"Alaska","city":"Juneau","zipCode":"96815"},{"state":"Alaska","city":"Anchorage","zipCode":"99507"}],"icon":"https://cs4892808efec24x447cx944.blob.core.windows.net/static-resource/assets/images/categories/govt_records_docs.svg","_rid":"ap9UAKOAU7I5AAAAAAAAAA==","_self":"dbs/ap9UAA==/colls/ap9UAKOAU7I=/docs/ap9UAKOAU7I5AAAAAAAAAA==/","_etag":"\"57032bf8-0000-0000-0000-5b64e74a0000\"","_attachments":"attachments/","_ts":1533339466}
,{"id":"a7f28f2f-6779-4c9b-b13f-4de5ba960036","name":"Vital Records and Identifying Documents","parentTopicId":"Government Records & Documents","resourceType":"Topics","keywords":null,"location":[{"state":"Hawaii","city":"Kalawao","zipCode":"96761"},{"state":"Hawaii","city":"Honolulu","zipCode":"96741"},{"state":"Alaska","city":"Juneau","zipCode":"96815"},{"state":"Alaska","city":"Anchorage","zipCode":"99507"}],"icon":"https://cs4892808efec24x447cx944.blob.core.windows.net/static-resource/assets/images/topics/housing.svg","_rid":"ap9UAKOAU7I6AAAAAAAAAA==","_self":"dbs/ap9UAA==/colls/ap9UAKOAU7I=/docs/ap9UAKOAU7I6AAAAAAAAAA==/","_etag":"\"540381ef-0000-0000-0000-5b64df9b0000\"","_attachments":"attachments/","_ts":1533337499}
,{"id":"d3e1b824-34de-41bf-be9b-4465f3ed9ccd","name":"Name Changes","parentTopicId":"Government Records & Documents","resourceType":"Topics","keywords":null,"location":[{"state":"Hawaii","city":"Kalawao","zipCode":"96761"},{"state":"Hawaii","city":"Honolulu","zipCode":"96741"},{"state":"Alaska","city":"Juneau","zipCode":"96815"},{"state":"Alaska","city":"Anchorage","zipCode":"99507"}],"icon":"https://cs4892808efec24x447cx944.blob.core.windows.net/static-resource/assets/images/topics/housing.svg","_rid":"ap9UAKOAU7I7AAAAAAAAAA==","_self":"dbs/ap9UAA==/colls/ap9UAKOAU7I=/docs/ap9UAKOAU7I7AAAAAAAAAA==/","_etag":"\"5403baf0-0000-0000-0000-5b64df9e0000\"","_attachments":"attachments/","_ts":1533337502}
,{"id":"22263a17-0b7c-4311-8d34-9ab94f1e7dd9","name":"Civil Traffic Tickets and Bench Warrants","parentTopicId":"Government Records & Documents","resourceType":"Topics","keywords":null,"location":[{"state":"Hawaii","city":"Kalawao","zipCode":"96761"},{"state":"Hawaii","city":"Honolulu","zipCode":"96741"},{"state":"Alaska","city":"Juneau","zipCode":"96815"},{"state":"Alaska","city":"Anchorage","zipCode":"99507"}],"icon":"https://cs4892808efec24x447cx944.blob.core.windows.net/static-resource/assets/images/topics/housing.svg","_rid":"ap9UAKOAU7I8AAAAAAAAAA==","_self":"dbs/ap9UAA==/colls/ap9UAKOAU7I=/docs/ap9UAKOAU7I8AAAAAAAAAA==/","_etag":"\"54030df2-0000-0000-0000-5b64dfa10000\"","_attachments":"attachments/","_ts":1533337505}
,{"id":"e00eb590-0b31-40ee-b2bc-bd6743391fb7","name":null,"parentTopicId":null,"resourceType":"Topics","keywords":null,"location":[{"state":"Hawaii","city":"Kalawao","zipCode":"96761"},{"state":"Hawaii","city":"Honolulu","zipCode":"96741"},{"state":"Alaska","city":"Juneau","zipCode":"96815"},{"state":"Alaska","city":"Anchorage","zipCode":"99507"}],"icon":"https://cs4892808efec24x447cx944.blob.core.windows.net/static-resource/assets/images/topics/housing.svg","_rid":"ap9UAKOAU7I9AAAAAAAAAA==","_self":"dbs/ap9UAA==/colls/ap9UAKOAU7I=/docs/ap9UAKOAU7I9AAAAAAAAAA==/","_etag":"\"540342f3-0000-0000-0000-5b64dfa40000\"","_attachments":"attachments/","_ts":1533337508}
,{"id":"d8050b73-66a3-4cc9-b6d1-048af02ec3b1","name":"Violation of my rights","parentTopicId":"Individual Rights","resourceType":"Topics","keywords":null,"location":[{"state":"Hawaii","city":"Kalawao","zipCode":"96761"},{"state":"Hawaii","city":"Honolulu","zipCode":"96741"},{"state":"Alaska","city":"Juneau","zipCode":"96815"},{"state":"Alaska","city":"Anchorage","zipCode":"99507"}],"icon":"https://cs4892808efec24x447cx944.blob.core.windows.net/static-resource/assets/images/topics/housing.svg","_rid":"ap9UAKOAU7I+AAAAAAAAAA==","_self":"dbs/ap9UAA==/colls/ap9UAKOAU7I=/docs/ap9UAKOAU7I+AAAAAAAAAA==/","_etag":"\"54038ff4-0000-0000-0000-5b64dfa80000\"","_attachments":"attachments/","_ts":1533337512}
,{"id":"0531db68-81da-432a-9da8-d433287e23f1","name":"Individual Rights","parentTopicId":[],"resourceType":"Topics","keywords":null,"location":[{"state":"Hawaii","city":"Kalawao","zipCode":"96761"},{"state":"Hawaii","city":"Honolulu","zipCode":"96741"},{"state":"Alaska","city":"Juneau","zipCode":"96815"},{"state":"Alaska","city":"Anchorage","zipCode":"99507"}],"icon":"https://cs4892808efec24x447cx944.blob.core.windows.net/static-resource/assets/images/categories/individual_rights.svg","_rid":"ap9UAKOAU7I-AAAAAAAAAA==","_self":"dbs/ap9UAA==/colls/ap9UAKOAU7I=/docs/ap9UAKOAU7I-AAAAAAAAAA==/","_etag":"\"5803bc15-0000-0000-0000-5b64e77a0000\"","_attachments":"attachments/","_ts":1533339514}
,{"id":"58c56ab4-3f08-4d20-8f9d-0086f909a1f8","name":"Health Care Rights","parentTopicId":"Individual Rights","resourceType":"Topics","keywords":null,"location":[{"state":"Hawaii","city":"Kalawao","zipCode":"96761"},{"state":"Hawaii","city":"Honolulu","zipCode":"96741"},{"state":"Alaska","city":"Juneau","zipCode":"96815"},{"state":"Alaska","city":"Anchorage","zipCode":"99507"}],"icon":"https://cs4892808efec24x447cx944.blob.core.windows.net/static-resource/assets/images/topics/housing.svg","_rid":"ap9UAKOAU7JAAAAAAAAAAA==","_self":"dbs/ap9UAA==/colls/ap9UAKOAU7I=/docs/ap9UAKOAU7JAAAAAAAAAAA==/","_etag":"\"5503b610-0000-0000-0000-5b64dff00000\"","_attachments":"attachments/","_ts":1533337584}
,{"id":"c0fd73e5-9d94-4d90-bf63-1263dc68cd1b","name":"Protection from Abuse and Harassment","parentTopicId":"Individual Rights","resourceType":"Topics","keywords":null,"location":[{"state":"Hawaii","city":"Kalawao","zipCode":"96761"},{"state":"Hawaii","city":"Honolulu","zipCode":"96741"},{"state":"Alaska","city":"Juneau","zipCode":"96815"},{"state":"Alaska","city":"Anchorage","zipCode":"99507"}],"icon":"https://cs4892808efec24x447cx944.blob.core.windows.net/static-resource/assets/images/topics/housing.svg","_rid":"ap9UAKOAU7JBAAAAAAAAAA==","_self":"dbs/ap9UAA==/colls/ap9UAKOAU7I=/docs/ap9UAKOAU7JBAAAAAAAAAA==/","_etag":"\"55034912-0000-0000-0000-5b64dff40000\"","_attachments":"attachments/","_ts":1533337588}
,{"id":"1708d80c-f6c6-4056-87ad-e0e1e39c4e69","name":"Protecting my Identity","parentTopicId":"Individual Rights","resourceType":"Topics","keywords":null,"location":[{"state":"Hawaii","city":"Kalawao","zipCode":"96761"},{"state":"Hawaii","city":"Honolulu","zipCode":"96741"},{"state":"Alaska","city":"Juneau","zipCode":"96815"},{"state":"Alaska","city":"Anchorage","zipCode":"99507"}],"icon":"https://cs4892808efec24x447cx944.blob.core.windows.net/static-resource/assets/images/topics/housing.svg","_rid":"ap9UAKOAU7JCAAAAAAAAAA==","_self":"dbs/ap9UAA==/colls/ap9UAKOAU7I=/docs/ap9UAKOAU7JCAAAAAAAAAA==/","_etag":"\"5503d313-0000-0000-0000-5b64dff80000\"","_attachments":"attachments/","_ts":1533337592}
,{"id":"c2b09fbc-df87-4a80-b160-b00afd0e7bb8","name":"Worker’s Rights","parentTopicId":"Individual Rights","resourceType":"Topics","keywords":null,"location":[{"state":"Hawaii","city":"Kalawao","zipCode":"96761"},{"state":"Hawaii","city":"Honolulu","zipCode":"96741"},{"state":"Alaska","city":"Juneau","zipCode":"96815"},{"state":"Alaska","city":"Anchorage","zipCode":"99507"}],"icon":"https://cs4892808efec24x447cx944.blob.core.windows.net/static-resource/assets/images/topics/housing.svg","_rid":"ap9UAKOAU7JDAAAAAAAAAA==","_self":"dbs/ap9UAA==/colls/ap9UAKOAU7I=/docs/ap9UAKOAU7JDAAAAAAAAAA==/","_etag":"\"55033315-0000-0000-0000-5b64dffb0000\"","_attachments":"attachments/","_ts":1533337595}
,{"id":"7e245ce0-8b09-4aa0-b618-ba879a8284f5","name":"Native Hawaiian Rights","parentTopicId":[],"resourceType":"Topics","keywords":null,"location":[{"state":"Hawaii","city":"Kalawao","zipCode":"96761"},{"state":"Hawaii","city":"Honolulu","zipCode":"96741"},{"state":"Alaska","city":"Juneau","zipCode":"96815"},{"state":"Alaska","city":"Anchorage","zipCode":"99507"}],"icon":"https://cs4892808efec24x447cx944.blob.core.windows.net/static-resource/assets/images/categories/native_rights.svg","_rid":"ap9UAKOAU7JEAAAAAAAAAA==","_self":"dbs/ap9UAA==/colls/ap9UAKOAU7I=/docs/ap9UAKOAU7JEAAAAAAAAAA==/","_etag":"\"58031626-0000-0000-0000-5b64e7a30000\"","_attachments":"attachments/","_ts":1533339555}
,{"id":"58fea053-5645-4c57-b6a4-49aa574944b3","name":null,"parentTopicId":null,"resourceType":"Topics","keywords":null,"location":[{"state":"Hawaii","city":"Kalawao","zipCode":"96761"},{"state":"Hawaii","city":"Honolulu","zipCode":"96741"},{"state":"Alaska","city":"Juneau","zipCode":"96815"},{"state":"Alaska","city":"Anchorage","zipCode":"99507"}],"icon":"https://cs4892808efec24x447cx944.blob.core.windows.net/static-resource/assets/images/topics/housing.svg","_rid":"ap9UAKOAU7JFAAAAAAAAAA==","_self":"dbs/ap9UAA==/colls/ap9UAKOAU7I=/docs/ap9UAKOAU7JFAAAAAAAAAA==/","_etag":"\"55032018-0000-0000-0000-5b64e0030000\"","_attachments":"attachments/","_ts":1533337603}
,{"id":"2ace47b5-b3f1-4c00-ae5e-eaaf09958470","name":"Land Rights","parentTopicId":"Native Hawaiian Rights","resourceType":"Topics","keywords":null,"location":[{"state":"Hawaii","city":"Kalawao","zipCode":"96761"},{"state":"Hawaii","city":"Honolulu","zipCode":"96741"},{"state":"Alaska","city":"Juneau","zipCode":"96815"},{"state":"Alaska","city":"Anchorage","zipCode":"99507"}],"icon":"https://cs4892808efec24x447cx944.blob.core.windows.net/static-resource/assets/images/topics/housing.svg","_rid":"ap9UAKOAU7JGAAAAAAAAAA==","_self":"dbs/ap9UAA==/colls/ap9UAKOAU7I=/docs/ap9UAKOAU7JGAAAAAAAAAA==/","_etag":"\"55037919-0000-0000-0000-5b64e0060000\"","_attachments":"attachments/","_ts":1533337606}
,{"id":"aa0e3be5-a117-4c45-9edf-977067e57787","name":"Other Native Hawaiian Issues","parentTopicId":"Native Hawaiian Rights","resourceType":"Topics","keywords":null,"location":[{"state":"Hawaii","city":"Kalawao","zipCode":"96761"},{"state":"Hawaii","city":"Honolulu","zipCode":"96741"},{"state":"Alaska","city":"Juneau","zipCode":"96815"},{"state":"Alaska","city":"Anchorage","zipCode":"99507"}],"icon":"https://cs4892808efec24x447cx944.blob.core.windows.net/static-resource/assets/images/topics/housing.svg","_rid":"ap9UAKOAU7JHAAAAAAAAAA==","_self":"dbs/ap9UAA==/colls/ap9UAKOAU7I=/docs/ap9UAKOAU7JHAAAAAAAAAA==/","_etag":"\"5503441b-0000-0000-0000-5b64e00b0000\"","_attachments":"attachments/","_ts":1533337611}
,{"id":"eed4d835-feb0-446a-b821-1b21ec691b2e","name":"Immigration","parentTopicId":[],"resourceType":"Topics","keywords":null,"location":[{"state":"Hawaii","city":"Kalawao","zipCode":"96761"},{"state":"Hawaii","city":"Honolulu","zipCode":"96741"},{"state":"Alaska","city":"Juneau","zipCode":"96815"},{"state":"Alaska","city":"Anchorage","zipCode":"99507"}],"icon":"https://cs4892808efec24x447cx944.blob.core.windows.net/static-resource/assets/images/categories/immigration.svg","_rid":"ap9UAKOAU7JIAAAAAAAAAA==","_self":"dbs/ap9UAA==/colls/ap9UAKOAU7I=/docs/ap9UAKOAU7JIAAAAAAAAAA==/","_etag":"\"5803a735-0000-0000-0000-5b64e7cb0000\"","_attachments":"attachments/","_ts":1533339595}
,{"id":"aeeee7fc-c59d-42f4-9fa8-04841c1207a6","name":null,"parentTopicId":null,"resourceType":"Topics","keywords":null,"location":[{"state":"Hawaii","city":"Kalawao","zipCode":"96761"},{"state":"Hawaii","city":"Honolulu","zipCode":"96741"},{"state":"Alaska","city":"Juneau","zipCode":"96815"},{"state":"Alaska","city":"Anchorage","zipCode":"99507"}],"icon":"https://cs4892808efec24x447cx944.blob.core.windows.net/static-resource/assets/images/topics/housing.svg","_rid":"ap9UAKOAU7JJAAAAAAAAAA==","_self":"dbs/ap9UAA==/colls/ap9UAKOAU7I=/docs/ap9UAKOAU7JJAAAAAAAAAA==/","_etag":"\"5503cb1e-0000-0000-0000-5b64e0140000\"","_attachments":"attachments/","_ts":1533337620}
,{"id":"1e969120-4c8d-422e-b7d3-668c36b8a785","name":"Native Hawaiian Health Issues","parentTopicId":"Native Hawaiian Rights","resourceType":"Topics","keywords":null,"location":[{"state":"Hawaii","city":"Kalawao","zipCode":"96761"},{"state":"Hawaii","city":"Honolulu","zipCode":"96741"},{"state":"Alaska","city":"Juneau","zipCode":"96815"},{"state":"Alaska","city":"Anchorage","zipCode":"99507"}],"icon":"https://cs4892808efec24x447cx944.blob.core.windows.net/static-resource/assets/images/topics/housing.svg","_rid":"ap9UAKOAU7JKAAAAAAAAAA==","_self":"dbs/ap9UAA==/colls/ap9UAKOAU7I=/docs/ap9UAKOAU7JKAAAAAAAAAA==/","_etag":"\"55031020-0000-0000-0000-5b64e0170000\"","_attachments":"attachments/","_ts":1533337623}
,{"id":"35358dca-881e-4a9b-9e79-13c4cfa5b940","name":"Victims of Crime","parentTopicId":"Immigration","resourceType":"Topics","keywords":null,"location":[{"state":"Hawaii","city":"Kalawao","zipCode":"96761"},{"state":"Hawaii","city":"Honolulu","zipCode":"96741"},{"state":"Alaska","city":"Juneau","zipCode":"96815"},{"state":"Alaska","city":"Anchorage","zipCode":"99507"}],"icon":"https://cs4892808efec24x447cx944.blob.core.windows.net/static-resource/assets/images/topics/housing.svg","_rid":"ap9UAKOAU7JLAAAAAAAAAA==","_self":"dbs/ap9UAA==/colls/ap9UAKOAU7I=/docs/ap9UAKOAU7JLAAAAAAAAAA==/","_etag":"\"55035d21-0000-0000-0000-5b64e01b0000\"","_attachments":"attachments/","_ts":1533337627}
,{"id":"8c2684b5-8ef0-49fc-b217-bb0bef7fba4b","name":"Green Cards \n(Visas and green cards) ","parentTopicId":"Immigration","resourceType":"Topics","keywords":null,"location":[{"state":"Hawaii","city":"Kalawao","zipCode":"96761"},{"state":"Hawaii","city":"Honolulu","zipCode":"96741"},{"state":"Alaska","city":"Juneau","zipCode":"96815"},{"state":"Alaska","city":"Anchorage","zipCode":"99507"}],"icon":"https://cs4892808efec24x447cx944.blob.core.windows.net/static-resource/assets/images/topics/housing.svg","_rid":"ap9UAKOAU7JMAAAAAAAAAA==","_self":"dbs/ap9UAA==/colls/ap9UAKOAU7I=/docs/ap9UAKOAU7JMAAAAAAAAAA==/","_etag":"\"5503e822-0000-0000-0000-5b64e01e0000\"","_attachments":"attachments/","_ts":1533337630}
,{"id":"080ab904-bb78-4c2a-9438-8cc940efd8a8","name":"Deportation","parentTopicId":"Immigration","resourceType":"Topics","keywords":null,"location":[{"state":"Hawaii","city":"Kalawao","zipCode":"96761"},{"state":"Hawaii","city":"Honolulu","zipCode":"96741"},{"state":"Alaska","city":"Juneau","zipCode":"96815"},{"state":"Alaska","city":"Anchorage","zipCode":"99507"}],"icon":"https://cs4892808efec24x447cx944.blob.core.windows.net/static-resource/assets/images/topics/housing.svg","_rid":"ap9UAKOAU7JNAAAAAAAAAA==","_self":"dbs/ap9UAA==/colls/ap9UAKOAU7I=/docs/ap9UAKOAU7JNAAAAAAAAAA==/","_etag":"\"55034d24-0000-0000-0000-5b64e0220000\"","_attachments":"attachments/","_ts":1533337634}
,{"id":"b68b16ab-b4b3-4224-bad1-8c05c392e354","name":"Becoming a U.S. Citizen \n(Citizenship) ","parentTopicId":"Immigration","resourceType":"Topics","keywords":null,"location":[{"state":"Hawaii","city":"Kalawao","zipCode":"96761"},{"state":"Hawaii","city":"Honolulu","zipCode":"96741"},{"state":"Alaska","city":"Juneau","zipCode":"96815"},{"state":"Alaska","city":"Anchorage","zipCode":"99507"}],"icon":"https://cs4892808efec24x447cx944.blob.core.windows.net/static-resource/assets/images/topics/housing.svg","_rid":"ap9UAKOAU7JOAAAAAAAAAA==","_self":"dbs/ap9UAA==/colls/ap9UAKOAU7I=/docs/ap9UAKOAU7JOAAAAAAAAAA==/","_etag":"\"5503e725-0000-0000-0000-5b64e0260000\"","_attachments":"attachments/","_ts":1533337638}
,{"id":"5b267f33-a61a-49e3-aa97-e190fb361e36","name":null,"parentTopicId":null,"resourceType":"Topics","keywords":null,"location":[{"state":"Hawaii","city":"Kalawao","zipCode":"96761"},{"state":"Hawaii","city":"Honolulu","zipCode":"96741"},{"state":"Alaska","city":"Juneau","zipCode":"96815"},{"state":"Alaska","city":"Anchorage","zipCode":"99507"}],"icon":"https://cs4892808efec24x447cx944.blob.core.windows.net/static-resource/assets/images/topics/housing.svg","_rid":"ap9UAKOAU7JPAAAAAAAAAA==","_self":"dbs/ap9UAA==/colls/ap9UAKOAU7I=/docs/ap9UAKOAU7JPAAAAAAAAAA==/","_etag":"\"55035727-0000-0000-0000-5b64e02a0000\"","_attachments":"attachments/","_ts":1533337642}
,{"id":"6a1266b8-c7da-4671-8f26-12bdd5589ed2","name":"Veterans","parentTopicId":[],"resourceType":"Topics","keywords":null,"location":[{"state":"Hawaii","city":"Kalawao","zipCode":"96761"},{"state":"Hawaii","city":"Honolulu","zipCode":"96741"},{"state":"Alaska","city":"Juneau","zipCode":"96815"},{"state":"Alaska","city":"Anchorage","zipCode":"99507"}],"icon":"https://cs4892808efec24x447cx944.blob.core.windows.net/static-resource/assets/images/categories/veterans.svg","_rid":"ap9UAKOAU7JQAAAAAAAAAA==","_self":"dbs/ap9UAA==/colls/ap9UAKOAU7I=/docs/ap9UAKOAU7JQAAAAAAAAAA==/","_etag":"\"58036740-0000-0000-0000-5b64e7e60000\"","_attachments":"attachments/","_ts":1533339622}
,{"id":"191d51b7-9b9f-4f74-82e7-c43d0fcea53d","name":"Compensation","parentTopicId":"Veterans","resourceType":"Topics","keywords":null,"location":[{"state":"Hawaii","city":"Kalawao","zipCode":"96761"},{"state":"Hawaii","city":"Honolulu","zipCode":"96741"},{"state":"Alaska","city":"Juneau","zipCode":"96815"},{"state":"Alaska","city":"Anchorage","zipCode":"99507"}],"icon":"https://cs4892808efec24x447cx944.blob.core.windows.net/static-resource/assets/images/topics/housing.svg","_rid":"ap9UAKOAU7JRAAAAAAAAAA==","_self":"dbs/ap9UAA==/colls/ap9UAKOAU7I=/docs/ap9UAKOAU7JRAAAAAAAAAA==/","_etag":"\"5503f029-0000-0000-0000-5b64e0300000\"","_attachments":"attachments/","_ts":1533337648}
,{"id":"10fc6989-5a42-4350-879f-f2a97df6d4bc","name":"Arrival and Departure Records (I-94)","parentTopicId":"Immigration","resourceType":"Topics","keywords":null,"location":[{"state":"Hawaii","city":"Kalawao","zipCode":"96761"},{"state":"Hawaii","city":"Honolulu","zipCode":"96741"},{"state":"Alaska","city":"Juneau","zipCode":"96815"},{"state":"Alaska","city":"Anchorage","zipCode":"99507"}],"icon":"https://cs4892808efec24x447cx944.blob.core.windows.net/static-resource/assets/images/topics/housing.svg","_rid":"ap9UAKOAU7JSAAAAAAAAAA==","_self":"dbs/ap9UAA==/colls/ap9UAKOAU7I=/docs/ap9UAKOAU7JSAAAAAAAAAA==/","_etag":"\"55034b2b-0000-0000-0000-5b64e0340000\"","_attachments":"attachments/","_ts":1533337652}
,{"id":"f89b201c-11b5-47cf-9a80-64dd9b2c937f","name":"Pension","parentTopicId":"Veterans","resourceType":"Topics","keywords":null,"location":[{"state":"Hawaii","city":"Kalawao","zipCode":"96761"},{"state":"Hawaii","city":"Honolulu","zipCode":"96741"},{"state":"Alaska","city":"Juneau","zipCode":"96815"},{"state":"Alaska","city":"Anchorage","zipCode":"99507"}],"icon":"https://cs4892808efec24x447cx944.blob.core.windows.net/static-resource/assets/images/topics/housing.svg","_rid":"ap9UAKOAU7JTAAAAAAAAAA==","_self":"dbs/ap9UAA==/colls/ap9UAKOAU7I=/docs/ap9UAKOAU7JTAAAAAAAAAA==/","_etag":"\"5503f02c-0000-0000-0000-5b64e0380000\"","_attachments":"attachments/","_ts":1533337656}
,{"id":"30898013-0c1e-4d6b-ab97-8fe298c5993d","name":"Immigrant Rights","parentTopicId":"Immigration","resourceType":"Topics","keywords":null,"location":[{"state":"Hawaii","city":"Kalawao","zipCode":"96761"},{"state":"Hawaii","city":"Honolulu","zipCode":"96741"},{"state":"Alaska","city":"Juneau","zipCode":"96815"},{"state":"Alaska","city":"Anchorage","zipCode":"99507"}],"icon":"https://cs4892808efec24x447cx944.blob.core.windows.net/static-resource/assets/images/topics/housing.svg","_rid":"ap9UAKOAU7JUAAAAAAAAAA==","_self":"dbs/ap9UAA==/colls/ap9UAKOAU7I=/docs/ap9UAKOAU7JUAAAAAAAAAA==/","_etag":"\"5503472e-0000-0000-0000-5b64e03b0000\"","_attachments":"attachments/","_ts":1533337659}
,{"id":"a4ec1cd1-b588-44ea-94a9-a303ca56ee2b","name":"Other Veterans Issues","parentTopicId":"Veterans","resourceType":"Topics","keywords":null,"location":[{"state":"Hawaii","city":"Kalawao","zipCode":"96761"},{"state":"Hawaii","city":"Honolulu","zipCode":"96741"},{"state":"Alaska","city":"Juneau","zipCode":"96815"},{"state":"Alaska","city":"Anchorage","zipCode":"99507"}],"icon":"https://cs4892808efec24x447cx944.blob.core.windows.net/static-resource/assets/images/topics/housing.svg","_rid":"ap9UAKOAU7JVAAAAAAAAAA==","_self":"dbs/ap9UAA==/colls/ap9UAKOAU7I=/docs/ap9UAKOAU7JVAAAAAAAAAA==/","_etag":"\"55039d30-0000-0000-0000-5b64e0410000\"","_attachments":"attachments/","_ts":1533337665}
]