﻿[{"id":"987c92a5-6e93-4988-970f-1d4ea46d4f3b","oId":"C0E2617F2A32BA726A76F50465D71FA259BFB39FCBA4628693BC6E9321F7AEC1C6E9B7C1822407D2D0994F8C3AF56F1207F48404F8CE385884AF078295BCA0C5","firstName":"Alaa","lastName":"Tadmori","eMail":"alaa.tadmori@outlook.com","isActive":"Yes","createdBy":"Alaa Tadmori","createdTimeStamp":"08/05/2018 05:19:34","modifiedBy":null,"modifiedTimeStamp":null,"sharedResource":null,"_rid":"ap9UAKM1MRMCAAAAAAAAAA==","_self":"dbs/ap9UAA==/colls/ap9UAKM1MRM=/docs/ap9UAKM1MRMCAAAAAAAAAA==/","_etag":"\"00006e10-0000-0000-0000-5b6688ec0000\"","_attachments":"attachments/","_ts":1533446380}
,{"id":"7a9d5adf-1c8a-43f8-b731-bb83beafdb73","oId":"CA5684426338FB9E7CD7E6C889329C9AE66F132356D56E988C59E0F0A5353841237545ED0FDCD1D3C7669F0576A10C1A3285CD6F5978CD8547C61A18A743776C","firstName":"Alaa","lastName":"Tadmori","eMail":"alaa.tadmori@avanade.com","isActive":"Yes","createdBy":"Alaa Tadmori","createdTimeStamp":"08/05/2018 05:41:37","modifiedBy":null,"modifiedTimeStamp":null,"sharedResource":null,"_rid":"ap9UAKM1MRMDAAAAAAAAAA==","_self":"dbs/ap9UAA==/colls/ap9UAKM1MRM=/docs/ap9UAKM1MRMDAAAAAAAAAA==/","_etag":"\"00006f10-0000-0000-0000-5b668e1b0000\"","_attachments":"attachments/","_ts":1533447707}
]